FECHA,PRECIP,EVAP,TMAX,TMIN
1980-01-01,0.0,3.9,33.0,6.0
1980-01-02,0.0,1.4,28.5,7.0
1980-01-03,0.0,3.7,30.5,11.0
1980-01-04,0.0,2.5,32.5,10.0
1980-01-05,0.0,3.7,35.0,8.0
1980-01-06,0.0,3.1,34.0,6.5
1980-01-07,0.0,3.0,28.0,10.0
1980-01-08,0.0,4.8,32.5,7.0
1980-01-09,0.0,4.4,36.0,10.0
1980-01-10,0.0,4.9,34.0,8.0
1980-01-11,0.0,3.6,33.0,8.0
1980-01-12,0.0,3.3,38.5,7.0
1980-01-13,0.0,4.3,34.0,8.0
1980-01-14,0.0,2.7,32.0,7.5
1980-01-15,0.0,4.5,32.0,10.0
1980-01-16,0.0,2.1,31.5,11.0
1980-01-17,0.0,3.4,32.0,11.5
1980-01-18,0.0,4.5,31.9,10.0
1980-01-19,0.0,2.7,33.0,8.5
1980-01-20,0.0,3.8,32.0,10.0
1980-01-21,0.0,3.9,28.0,11.0
1980-01-22,0.0,2.5,28.0,15.5
1980-01-23,3.0,2.2,29.5,11.5
1980-01-24,3.6,1.5,18.5,12.0
1980-01-25,0.0,1.4,25.0,11.0
1980-01-26,0.5,2.8,29.0,11.5
1980-01-27,0.0,4.7,30.5,11.0
1980-01-28,0.0,3.3,30.5,8.5
1980-01-29,0.0,4.5,32.0,8.5
1980-01-30,0.0,2.9,33.5,9.0
1980-01-31,0.0,5.2,35.0,13.0
1980-02-01,0.0,3.8,36.0,14.0
1980-02-02,0.0,5.3,36.0,14.0
1980-02-03,0.0,4.6,39.0,13.0
1980-02-04,0.0,6.3,37.0,11.5
1980-02-05,0.0,3.2,34.0,11.5
1980-02-06,0.0,5.8,33.5,11.5
1980-02-07,0.0,3.4,31.0,12.5
1980-02-08,0.0,3.6,30.0,15.0
1980-02-09,0.0,4.8,32.0,13.0
1980-02-10,0.0,3.0,31.5,11.0
1980-02-11,9.0,1.3,21.0,14.0
1980-02-12,0.0,0.4,21.5,16.5
1980-02-13,0.0,3.9,29.2,13.5
1980-02-14,0.0,4.6,35.5,14.0
1980-02-15,0.0,3.5,34.0,16.0
1980-02-16,0.0,5.2,35.5,13.0
1980-02-17,0.0,6.2,34.0,13.5
1980-02-18,0.0,5.0,33.0,12.5
1980-02-19,0.0,4.8,35.0,13.5
1980-02-20,0.0,4.8,36.0,14.0
1980-02-21,0.0,4.8,35.0,11.5
1980-02-22,0.0,6.7,34.0,8.0
1980-02-23,0.0,6.1,34.0,7.5
1980-02-24,0.0,6.1,35.0,7.5
1980-02-25,0.0,5.8,36.0,8.5
1980-02-26,0.0,4.4,33.5,12.0
1980-02-27,0.0,3.1,30.0,18.0
1980-02-28,0.0,5.5,33.5,12.0
1980-02-29,0.0,6.3,33.0,11.0
1980-03-01,0.0,7.6,34.5,10.0
1980-03-02,0.0,5.8,35.0,10.0
1980-03-03,0.0,6.6,33.0,11.0
1980-03-04,0.0,5.9,34.5,6.5
1980-03-05,0.0,5.9,35.0,9.0
1980-03-06,0.0,4.6,35.0,10.0
1980-03-07,0.0,4.7,33.5,11.0
1980-03-08,0.0,5.0,38.5,12.0
1980-03-09,0.0,8.8,41.5,13.0
1980-03-10,0.0,3.2,36.5,13.0
1980-03-11,0.0,7.0,36.0,16.0
1980-03-12,0.0,7.0,36.0,14.0
1980-03-13,0.0,6.3,36.0,11.5
1980-03-14,0.0,5.7,36.5,13.5
1980-03-15,0.0,7.0,38.5,12.0
1980-03-16,0.0,6.1,35.5,12.5
1980-03-17,0.0,6.5,36.5,12.0
1980-03-18,0.0,4.8,34.5,13.0
1980-03-19,0.0,7.0,36.5,11.5
1980-03-20,0.0,7.9,38.0,10.5
1980-03-21,0.0,7.7,39.0,11.5
1980-03-22,0.0,7.3,36.0,14.0
1980-03-23,0.0,7.9,36.0,15.0
1980-03-24,0.0,7.4,36.0,16.5
1980-03-25,0.5,3.2,30.0,22.0
1980-03-26,0.0,2.0,29.0,15.0
1980-03-27,0.0,4.8,31.0,17.0
1980-03-28,0.0,6.1,34.0,11.0
1980-03-29,0.0,6.3,35.0,9.0
1980-03-30,0.0,8.1,34.5,8.0
1980-03-31,0.0,4.5,30.0,8.0
1980-04-01,0.0,8.0,34.0,9.5
1980-04-02,0.0,8.1,34.5,6.0
1980-04-03,0.0,7.9,36.0,8.5
1980-04-04,0.0,6.6,37.0,10.5
1980-04-05,0.0,6.5,36.0,13.0
1980-04-06,0.0,7.3,39.0,15.0
1980-04-07,0.0,8.2,39.0,11.0
1980-04-08,0.0,8.8,38.0,11.0
1980-04-09,0.0,8.8,36.0,11.0
1980-04-10,0.0,7.4,37.0,11.5
1980-04-11,0.0,8.5,36.5,9.0
1980-04-12,0.0,7.0,32.5,14.5
1980-04-13,0.0,7.8,32.5,11.0
1980-04-14,0.0,8.9,33.5,8.5
1980-04-15,0.0,7.5,34.0,10.0
1980-04-16,0.0,9.9,37.5,7.0
1980-04-17,0.0,8.8,37.5,8.5
1980-04-18,0.0,6.7,37.0,14.0
1980-04-19,0.0,7.8,39.0,16.0
1980-04-20,0.0,7.2,38.5,18.5
1980-04-21,0.0,10.2,39.5,25.0
1980-04-22,0.0,9.4,40.0,17.0
1980-04-23,0.0,11.5,39.0,13.0
1980-04-24,0.0,11.8,37.0,12.0
1980-04-25,0.0,5.0,36.9,10.0
1980-04-26,0.0,8.7,36.0,10.0
1980-04-27,0.0,6.8,33.5,8.0
1980-04-28,0.0,7.0,39.5,19.0
1980-04-29,0.8,2.3,34.0,18.5
1980-04-30,0.0,3.9,30.0,20.0
1980-05-01,0.0,7.9,34.0,16.5
1980-05-02,0.0,9.3,38.0,14.5
1980-05-03,0.0,9.0,38.5,13.0
1980-05-04,0.0,9.0,38.0,12.0
1980-05-05,0.0,9.1,38.0,13.0
1980-05-06,0.0,9.1,40.0,13.0
1980-05-07,0.0,10.1,38.0,14.0
1980-05-08,0.0,10.2,39.0,16.0
1980-05-09,0.0,10.0,40.0,18.0
1980-05-10,0.0,8.3,38.0,18.5
1980-05-11,0.1,7.3,37.0,21.0
1980-05-12,0.0,10.0,40.0,20.5
1980-05-13,0.0,10.2,39.0,15.0
1980-05-14,0.0,10.1,37.0,12.0
1980-05-15,0.0,7.3,37.0,12.0
1980-05-16,0.0,7.6,36.0,14.0
1980-05-17,0.0,8.9,38.0,15.0
1980-05-18,0.0,9.4,38.0,15.0
1980-05-19,0.0,8.6,37.5,14.0
1980-05-20,0.0,8.2,37.0,14.0
1980-05-21,0.0,8.5,36.5,14.5
1980-05-22,0.0,8.7,38.0,13.5
1980-05-23,0.0,9.6,36.5,14.0
1980-05-24,0.0,9.1,38.0,14.0
1980-05-25,0.0,7.4,36.5,16.0
1980-05-26,0.0,8.7,38.0,22.0
1980-05-27,0.0,9.1,39.0,14.0
1980-05-28,0.0,8.7,39.5,16.5
1980-05-29,0.0,11.1,39.5,18.4
1980-05-30,0.0,9.6,40.0,18.0
1980-05-31,0.0,9.3,40.0,18.0
1980-06-01,0.0,8.6,39.0,19.5
1980-06-02,0.0,9.7,38.0,19.0
1980-06-03,0.0,7.6,38.0,20.5
1980-06-04,0.0,14.1,38.0,21.5
1980-06-05,0.0,5.6,39.0,22.0
1980-06-06,0.0,7.5,38.5,22.0
1980-06-07,0.0,10.0,39.1,24.0
1980-06-08,0.0,10.6,43.0,24.0
1980-06-09,0.0,10.6,43.0,25.5
1980-06-10,0.0,9.3,40.0,26.0
1980-06-11,0.0,10.2,40.0,24.5
1980-06-12,0.0,9.3,40.0,24.0
1980-06-13,0.0,9.9,39.5,22.5
1980-06-14,0.0,9.4,39.5,22.5
1980-06-15,0.0,8.8,39.5,23.0
1980-06-16,0.0,8.6,38.5,24.5
1980-06-17,0.0,8.2,39.0,23.5
1980-06-18,0.0,9.6,39.0,23.5
1980-06-19,0.0,10.6,41.0,24.0
1980-06-20,0.0,5.3,36.0,27.0
1980-06-21,0.0,3.7,37.0,26.0
1980-06-22,0.0,6.8,37.0,25.0
1980-06-23,5.0,8.4,38.0,24.5
1980-06-24,0.4,7.5,37.5,25.0
1980-06-25,0.0,5.3,37.5,24.0
1980-06-26,0.0,9.5,40.0,27.0
1980-06-27,0.0,10.8,42.0,26.0
1980-06-28,45.0,7.5,37.5,27.5
1980-06-29,0.0,4.3,37.0,22.0
1980-06-30,0.0,7.7,40.0,22.0
1980-07-01,0.4,9.8,40.0,24.5
1980-07-02,0.0,7.2,41.0,25.5
1980-07-03,13.6,6.5,40.0,26.0
1980-07-04,0.2,5.3,37.5,24.0
1980-07-05,0.0,7.0,40.0,26.0
1980-07-06,0.0,9.7,41.5,26.5
1980-07-07,17.4,5.2,41.0,26.0
1980-07-08,14.7,3.7,36.0,24.5
1980-07-09,40.0,5.0,32.0,27.0
1980-07-10,4.6,3.7,36.5,23.5
1980-07-11,0.0,5.6,37.5,23.5
1980-07-12,0.6,4.6,38.0,23.5
1980-07-13,0.0,6.3,39.0,24.0
1980-07-14,0.6,5.9,39.5,25.5
1980-07-15,1.7,4.3,38.0,24.0
1980-07-16,1.1,6.6,37.0,24.0
1980-07-17,1.2,3.8,36.0,26.0
1980-07-18,29.3,7.3,37.0,24.5
1980-07-19,14.0,5.8,35.0,23.5
1980-07-20,6.6,5.4,35.0,24.0
1980-07-21,2.3,2.6,35.0,24.5
1980-07-22,0.0,5.1,36.5,24.0
1980-07-23,0.2,4.6,37.0,25.0
1980-07-24,12.4,3.8,37.0,25.0
1980-07-25,8.8,4.2,36.5,24.0
1980-07-26,7.1,5.6,36.5,26.0
1980-07-27,6.7,4.1,36.5,27.0
1980-07-28,16.5,5.0,37.0,26.0
1980-07-29,16.6,3.0,35.5,24.5
1980-07-30,0.0,3.6,33.0,23.0
1980-07-31,0.0,2.6,32.0,25.0
1980-08-01,20.0,5.3,36.0,23.5
1980-08-02,13.6,6.8,36.0,23.0
1980-08-03,0.0,2.9,32.0,21.5
1980-08-04,1.6,3.9,34.5,23.0
1980-08-05,6.0,4.7,36.0,24.0
1980-08-06,0.1,5.1,36.0,23.0
1980-08-07,1.3,4.1,37.5,26.0
1980-08-08,6.8,2.4,35.0,23.0
1980-08-09,12.0,3.4,34.0,25.0
1980-08-10,0.6,1.9,34.0,25.0
1980-08-11,0.2,3.0,34.0,25.0
1980-08-12,4.6,2.7,34.5,25.0
1980-08-13,0.0,3.4,33.0,24.0
1980-08-14,1.0,3.6,34.0,25.0
1980-08-15,6.1,3.5,34.5,24.5
1980-08-16,2.3,3.8,35.0,24.0
1980-08-17,0.4,3.7,34.0,24.0
1980-08-18,34.5,3.3,34.5,23.0
1980-08-19,0.0,3.4,34.0,22.0
1980-08-20,94.7,6.5,33.0,24.5
1980-08-21,55.0,1.4,34.0,22.5
1980-08-22,12.9,0.4,35.0,23.5
1980-08-23,3.3,5.6,36.5,24.0
1980-08-24,11.3,4.4,35.0,23.5
1980-08-25,2.3,4.1,34.0,23.0
1980-08-26,0.0,4.0,34.0,24.0
1980-08-27,6.0,5.9,35.0,23.5
1980-08-28,0.0,5.5,35.5,23.5
1980-08-29,0.0,4.3,36.5,26.5
1980-08-30,16.0,3.1,37.0,26.5
1980-08-31,0.2,3.9,34.0,23.0
1980-09-01,4.0,4.7,32.0,25.0
1980-09-02,9.4,11.0,32.5,24.5
1980-09-03,0.0,5.7,33.5,22.0
1980-09-04,0.0,4.6,36.0,22.5
1980-09-05,6.6,5.2,36.0,24.5
1980-09-06,0.1,1.6,31.0,23.5
1980-09-07,5.2,4.4,35.0,25.0
1980-09-08,0.0,4.9,35.0,22.0
1980-09-09,0.0,5.1,35.0,23.5
1980-09-10,1.8,2.6,36.0,26.0
1980-09-11,0.0,6.2,35.5,23.0
1980-09-12,25.5,2.7,36.0,23.0
1980-09-13,0.8,2.0,34.5,23.0
1980-09-14,0.0,5.4,35.0,24.0
1980-09-15,0.0,4.3,37.0,23.9
1980-09-16,0.0,3.7,38.0,27.0
1980-09-17,0.0,7.4,36.0,27.5
1980-09-18,1.1,3.1,33.5,24.5
1980-09-19,8.8,5.4,35.0,25.5
1980-09-20,0.3,2.3,35.0,21.0
1980-09-21,0.8,1.6,30.0,24.0
1980-09-22,2.6,4.0,35.5,24.0
1980-09-23,0.0,3.9,35.0,24.0
1980-09-24,39.0,3.3,28.0,24.0
1980-09-25,0.0,4.5,34.0,21.5
1980-09-26,1.4,3.0,33.0,24.0
1980-09-27,0.8,0.2,28.5,25.5
1980-09-28,4.8,2.6,31.0,25.0
1980-09-29,1.1,2.2,32.0,24.0
1980-09-30,11.1,1.7,33.5,25.0
1980-10-01,1.4,4.1,34.0,25.0
1980-10-02,0.0,3.5,35.0,24.0
1980-10-03,0.0,5.0,36.5,26.0
1980-10-04,0.0,5.5,36.0,24.0
1980-10-05,0.0,4.8,37.0,24.0
1980-10-06,2.1,2.7,37.0,24.0
1980-10-07,6.4,1.4,37.0,26.0
1980-10-08,0.0,5.1,35.0,19.0
1980-10-09,14.5,3.4,34.0,20.5
1980-10-10,0.4,4.1,34.5,19.0
1980-10-11,0.0,4.1,35.0,20.0
1980-10-12,0.0,2.8,35.0,18.0
1980-10-13,0.0,4.7,36.0,20.0
1980-10-14,0.0,3.0,36.0,21.5
1980-10-15,75.0,0.2,26.0,21.0
1980-10-16,112.0,3.8,25.0,21.0
1980-10-17,0.0,2.8,33.0,20.5
1980-10-18,0.0,1.5,34.0,21.0
1980-10-19,0.0,3.3,33.0,22.5
1980-10-20,2.7,4.1,35.0,22.5
1980-10-21,0.0,2.5,35.0,20.5
1980-10-22,0.0,5.3,35.0,19.5
1980-10-23,0.0,4.7,36.0,18.5
1980-10-24,0.0,4.0,36.5,20.5
1980-10-25,0.0,3.5,35.0,19.5
1980-10-26,0.0,3.3,35.0,20.5
1980-10-27,0.0,3.4,34.0,22.0
1980-10-28,0.3,2.2,32.5,22.0
1980-10-29,0.5,4.0,32.5,21.5
1980-10-30,6.1,1.9,33.0,20.5
1980-10-31,5.6,0.4,32.6,20.0
1980-11-01,0.0,1.7,33.0,18.5
1980-11-02,0.0,4.6,33.5,18.5
1980-11-03,0.0,3.8,33.8,19.0
1980-11-04,0.0,1.4,35.0,15.5
1980-11-05,0.0,1.8,34.0,18.0
1980-11-06,0.0,3.8,33.5,18.0
1980-11-07,0.0,4.2,34.0,18.0
1980-11-08,0.0,2.6,34.0,17.5
1980-11-09,0.0,4.2,33.5,16.5
1980-11-10,0.0,2.1,33.0,18.5
1980-11-11,0.0,2.4,33.0,19.0
1980-11-12,0.0,2.2,34.0,19.0
1980-11-13,0.5,4.3,34.5,18.5
1980-11-14,2.2,3.4,33.5,16.5
1980-11-15,27.8,1.7,26.0,19.0
1980-11-16,0.4,1.9,26.0,19.5
1980-11-17,1.7,2.3,29.0,15.5
1980-11-18,1.1,2.8,29.5,15.0
1980-11-19,0.0,2.1,27.0,15.5
1980-11-20,0.0,2.7,23.0,14.5
1980-11-21,0.0,0.9,27.5,14.5
1980-11-22,0.0,2.8,30.0,11.5
1980-11-23,0.0,1.6,31.0,12.0
1980-11-24,0.0,3.0,31.5,12.5
1980-11-25,0.0,3.1,29.5,11.5
1980-11-26,0.0,2.3,30.5,9.0
1980-11-27,0.0,3.1,31.5,7.0
1980-11-28,0.0,3.3,33.0,7.0
1980-11-29,0.0,3.9,33.0,7.5
1980-11-30,0.0,3.0,32.0,10.0
1980-12-01,0.0,3.0,31.0,12.0
1980-12-02,0.0,2.2,32.5,10.0
1980-12-03,0.0,2.1,32.5,10.4
1980-12-04,0.0,2.8,33.0,13.0
1980-12-05,0.0,2.7,33.0,11.5
1980-12-06,0.2,2.6,31.5,11.5
1980-12-07,3.6,1.9,29.1,14.0
1980-12-08,0.0,1.9,28.5,18.0
1980-12-09,0.0,2.1,29.0,14.0
1980-12-10,0.0,2.9,31.0,11.0
1980-12-11,0.0,1.7,30.0,13.0
1980-12-12,0.0,1.1,29.0,16.0
1980-12-13,0.0,2.6,29.0,15.0
1980-12-14,0.0,4.0,33.0,15.0
1980-12-15,0.0,7.7,30.0,11.0
1980-12-16,0.0,0.8,33.5,11.0
1980-12-17,0.0,1.9,34.0,10.5
1980-12-18,0.0,0.9,33.0,10.0
1980-12-19,0.0,2.9,33.0,10.5
1980-12-20,0.0,2.1,31.0,10.0
1980-12-21,0.0,1.9,30.0,9.0
1980-12-22,0.0,0.5,28.0,11.5
1980-12-23,0.0,1.7,26.0,15.0
1980-12-24,0.0,1.3,32.0,14.0
1980-12-25,0.0,4.7,32.0,13.0
1980-12-26,0.0,2.5,36.0,13.0
1980-12-27,0.0,4.1,36.5,12.0
1980-12-28,0.0,3.1,36.0,10.0
1980-12-29,0.0,3.0,34.0,11.0
1980-12-30,0.0,2.9,31.0,12.5
1980-12-31,0.0,2.5,32.0,12.0
1981-01-01,0.0,2.6,33.0,11.0
1981-01-02,0.0,2.8,31.0,10.0
1981-01-03,0.0,0.8,30.0,12.0
1981-01-04,0.0,2.0,31.0,14.0
1981-01-05,37.5,0.3,28.0,15.5
1981-01-06,0.7,1.8,26.0,18.0
1981-01-07,0.3,2.6,30.5,14.0
1981-01-08,0.0,2.3,29.5,15.0
1981-01-09,0.0,1.9,29.5,17.5
1981-01-10,0.0,1.0,32.5,16.0
1981-01-11,0.0,2.1,28.0,15.0
1981-01-12,0.0,2.3,26.5,16.0
1981-01-13,0.0,1.1,30.0,13.5
1981-01-14,0.0,3.8,30.0,11.5
1981-01-15,8.1,0.2,26.5,12.5
1981-01-16,0.6,4.1,22.0,14.0
1981-01-17,16.5,0.2,24.0,16.0
1981-01-18,0.0,0.8,27.0,13.0
1981-01-19,0.0,1.7,27.0,12.5
1981-01-20,0.0,1.5,24.0,10.5
1981-01-21,0.0,2.3,29.0,11.0
1981-01-22,0.0,2.4,29.0,11.0
1981-01-23,0.0,4.4,27.0,9.0
1981-01-24,0.0,2.5,31.0,6.5
1981-01-25,0.0,2.6,28.0,8.0
1981-01-26,11.2,1.0,27.5,10.0
1981-01-27,0.0,1.9,25.5,10.5
1981-01-28,0.0,3.6,30.0,10.5
1981-01-29,0.0,2.7,28.5,11.0
1981-01-30,0.0,1.7,29.0,12.0
1981-01-31,0.0,3.4,29.4,12.5
1981-02-01,0.0,2.9,27.5,12.0
1981-02-02,0.0,3.8,30.0,9.5
1981-02-03,0.0,1.2,28.0,12.5
1981-02-04,0.0,3.1,31.5,9.0
1981-02-05,0.0,3.1,31.0,10.0
1981-02-06,0.0,3.8,31.5,11.5
1981-02-07,0.0,3.3,33.5,13.0
1981-02-08,0.0,3.9,34.0,13.0
1981-02-09,0.0,4.0,33.0,11.5
1981-02-10,0.0,9.6,30.5,10.5
1981-02-11,0.0,4.6,32.5,10.0
1981-02-12,0.0,4.0,34.0,10.5
1981-02-13,0.0,4.3,36.0,11.5
1981-02-14,0.0,5.1,35.1,12.0
1981-02-15,0.0,4.6,35.0,10.5
1981-02-16,0.0,4.5,34.5,9.5
1981-02-17,0.0,3.5,33.0,9.0
1981-02-18,0.0,4.6,33.0,9.5
1981-02-19,0.0,1.7,30.0,10.3
1981-02-20,0.0,2.9,27.0,15.0
1981-02-21,0.0,4.8,34.0,14.5
1981-02-22,0.0,4.2,36.0,14.1
1981-02-23,0.0,2.4,33.0,14.0
1981-02-24,0.0,4.2,33.0,18.0
1981-02-25,0.0,4.9,33.2,15.0
1981-02-26,0.0,2.8,32.5,18.0
1981-02-27,0.0,4.0,32.0,17.0
1981-02-28,0.0,5.0,25.0,16.5
1981-03-01,0.0,4.1,34.0,18.0
1981-03-02,0.0,2.5,30.5,18.0
1981-03-03,4.2,0.9,22.0,18.0
1981-03-04,0.0,5.1,30.0,12.0
1981-03-05,0.0,2.5,28.5,10.0
1981-03-06,0.0,2.2,30.0,12.0
1981-03-07,0.0,6.8,29.5,11.0
1981-03-08,0.0,1.3,33.0,6.5
1981-03-09,0.0,5.4,34.5,8.0
1981-03-10,0.0,4.3,33.6,12.0
1981-03-11,0.0,5.2,29.5,14.0
1981-03-12,0.0,5.3,33.0,12.0
1981-03-13,0.0,5.5,32.8,10.0
1981-03-14,0.0,4.8,31.5,13.0
1981-03-15,0.1,5.2,33.5,16.5
1981-03-16,0.0,5.6,34.5,18.0
1981-03-17,0.0,5.8,34.5,12.0
1981-03-18,0.0,5.8,34.0,11.5
1981-03-19,0.0,5.9,33.5,10.0
1981-03-20,0.0,4.9,32.0,10.0
1981-03-21,0.0,6.3,30.0,11.5
1981-03-22,0.0,6.1,33.0,11.5
1981-03-23,0.0,4.7,33.0,13.0
1981-03-24,0.0,6.0,32.0,9.0
1981-03-25,0.0,7.4,36.0,9.5
1981-03-26,0.0,6.0,36.0,11.0
1981-03-27,0.0,6.1,33.5,9.0
1981-03-28,0.0,6.5,34.7,10.5
1981-03-29,0.0,6.5,32.5,11.0
1981-03-30,0.0,5.3,34.0,11.1
1981-03-31,0.0,6.7,34.5,9.0
1981-04-01,0.0,6.7,36.5,11.0
1981-04-02,0.0,5.6,36.0,12.5
1981-04-03,0.0,5.9,34.5,12.2
1981-04-04,0.0,7.7,38.5,11.0
1981-04-05,0.0,5.2,39.0,14.0
1981-04-06,0.0,4.8,38.0,15.0
1981-04-07,0.0,5.9,38.5,18.0
1981-04-08,0.0,7.7,42.0,17.0
1981-04-09,0.0,7.0,38.5,16.5
1981-04-10,0.0,4.5,34.0,16.5
1981-04-11,0.0,7.9,37.0,17.0
1981-04-12,0.0,5.6,39.0,15.0
1981-04-13,0.0,6.6,38.5,16.0
1981-04-14,0.0,8.6,40.0,20.0
1981-04-15,0.0,7.5,40.0,16.0
1981-04-16,0.0,4.8,35.5,15.8
1981-04-17,0.0,6.1,32.5,16.0
1981-04-18,0.0,6.8,38.0,14.5
1981-04-19,0.0,7.4,39.0,16.0
1981-04-20,0.0,6.4,38.0,15.0
1981-04-21,0.0,2.5,28.5,22.0
1981-04-22,1.4,3.1,26.0,19.5
1981-04-23,0.0,5.4,31.0,10.0
1981-04-24,0.0,7.3,34.0,10.0
1981-04-25,0.0,8.4,36.0,12.0
1981-04-26,0.0,6.0,35.0,12.0
1981-04-27,0.0,4.2,32.0,16.0
1981-04-28,0.0,5.0,34.0,16.0
1981-04-29,0.5,3.8,32.5,19.0
1981-04-30,0.0,4.1,32.5,20.0
1981-05-01,0.0,5.8,33.4,20.0
1981-05-02,0.0,7.8,31.0,18.0
1981-05-03,0.0,5.2,30.0,14.5
1981-05-04,0.0,7.1,33.0,13.5
1981-05-05,0.0,7.5,34.0,17.0
1981-05-06,0.0,6.2,34.5,21.0
1981-05-07,0.0,5.1,36.0,19.5
1981-05-08,0.0,7.7,33.0,19.0
1981-05-09,0.0,6.7,33.0,18.5
1981-05-10,0.0,5.7,34.0,17.0
1981-05-11,0.0,7.6,35.4,20.5
1981-05-12,0.0,6.6,38.0,16.5
1981-05-13,0.0,5.7,39.0,19.0
1981-05-14,0.0,9.3,42.0,17.5
1981-05-15,0.0,8.5,39.0,19.5
1981-05-16,0.0,7.5,38.0,16.5
1981-05-17,0.0,8.2,39.0,15.0
1981-05-18,0.0,9.6,42.0,15.0
1981-05-19,0.0,9.2,40.0,16.5
1981-05-20,0.0,9.2,38.0,15.0
1981-05-21,0.0,8.6,40.0,15.8
1981-05-22,0.0,8.3,41.0,17.0
1981-05-23,0.0,8.7,39.5,19.0
1981-05-24,0.0,9.0,38.0,21.0
1981-05-25,0.0,8.2,37.5,23.5
1981-05-26,0.0,8.9,38.5,21.0
1981-05-27,0.0,7.4,37.0,19.0
1981-05-28,0.0,7.9,38.5,19.0
1981-05-29,0.0,9.6,39.0,17.0
1981-05-30,0.0,8.7,39.0,18.0
1981-05-31,0.0,6.7,36.0,22.0
1981-06-01,0.0,6.4,35.0,20.0
1981-06-02,0.0,5.7,33.5,20.0
1981-06-03,0.0,6.0,35.0,20.0
1981-06-04,0.0,5.8,34.5,21.1
1981-06-05,0.0,5.5,34.2,23.0
1981-06-06,0.0,5.3,33.0,21.0
1981-06-07,0.0,0.1,30.0,21.2
1981-06-08,0.0,7.1,34.0,18.0
1981-06-09,0.0,4.6,31.5,22.0
1981-06-10,0.1,3.5,31.0,22.0
1981-06-11,0.0,2.4,31.0,22.5
1981-06-12,0.0,3.9,33.0,22.0
1981-06-13,0.0,4.7,33.0,22.0
1981-06-14,0.0,4.1,31.0,22.0
1981-06-15,0.0,5.5,33.5,22.5
1981-06-16,0.0,4.8,37.0,22.5
1981-06-17,0.0,3.6,37.0,23.5
1981-06-18,0.0,8.4,38.5,25.0
1981-06-19,2.4,7.4,36.0,24.0
1981-06-20,0.0,2.8,31.0,20.0
1981-06-21,0.0,8.2,37.5,24.0
1981-06-22,7.3,5.5,37.0,25.5
1981-06-23,1.2,7.8,37.0,22.5
1981-06-24,0.0,9.3,38.5,22.5
1981-06-25,0.0,8.6,39.0,22.6
1981-06-26,0.0,7.5,38.5,25.0
1981-06-27,0.0,7.8,39.0,25.0
1981-06-28,0.0,6.2,38.0,25.0
1981-06-29,0.0,10.3,40.5,23.5
1981-06-30,58.6,4.1,38.0,25.0
1981-07-01,0.0,5.9,36.0,23.0
1981-07-02,23.0,4.0,36.5,24.0
1981-07-03,0.0,4.5,33.5,24.0
1981-07-04,17.2,5.3,37.0,25.0
1981-07-05,2.3,4.0,34.0,24.0
1981-07-06,4.5,4.1,35.0,24.0
1981-07-07,12.0,4.7,36.0,24.2
1981-07-08,2.0,4.1,35.0,24.0
1981-07-09,10.1,3.5,33.5,24.0
1981-07-10,10.5,3.7,34.9,24.5
1981-07-11,0.0,5.5,36.0,23.0
1981-07-12,16.5,2.2,34.5,25.0
1981-07-13,0.0,3.1,36.0,23.0
1981-07-14,0.0,4.7,37.0,23.5
1981-07-15,4.7,4.0,37.0,23.0
1981-07-16,0.0,3.9,34.0,23.0
1981-07-17,57.4,1.4,32.5,25.0
1981-07-18,1.4,3.1,33.0,21.5
1981-07-19,1.3,4.8,36.0,22.5
1981-07-20,0.0,6.0,36.5,23.5
1981-07-21,6.1,4.9,36.0,24.0
1981-07-22,3.6,0.2,31.0,26.0
1981-07-23,0.0,3.3,35.0,25.5
1981-07-24,4.5,3.4,35.5,25.0
1981-07-25,0.0,5.0,36.0,22.0
1981-07-26,12.5,3.8,35.5,22.5
1981-07-27,2.8,4.8,34.5,22.0
1981-07-28,3.7,4.3,34.5,23.0
1981-07-29,0.0,2.8,35.0,24.0
1981-07-30,0.0,7.3,38.0,23.5
1981-07-31,0.0,4.3,38.0,23.5
1981-08-01,0.2,4.1,38.0,26.5
1981-08-02,6.3,5.4,39.5,24.5
1981-08-03,4.0,3.0,37.0,25.0
1981-08-04,0.0,5.3,36.0,23.0
1981-08-05,0.0,6.0,38.0,23.0
1981-08-06,42.3,4.3,36.0,23.0
1981-08-07,0.0,3.0,34.0,22.0
1981-08-08,0.0,6.0,36.5,23.5
1981-08-09,0.0,4.7,37.0,25.5
1981-08-10,0.3,4.5,36.0,22.5
1981-08-11,1.0,3.4,36.0,24.0
1981-08-12,0.0,2.2,35.5,23.5
1981-08-13,23.9,9.7,36.0,23.0
1981-08-14,2.0,5.9,34.5,21.0
1981-08-15,13.0,3.6,35.0,24.0
1981-08-16,0.0,3.5,33.5,24.0
1981-08-17,0.0,4.0,36.0,25.0
1981-08-18,3.0,4.8,36.0,24.5
1981-08-19,13.7,4.5,36.5,23.5
1981-08-20,8.6,3.6,37.5,25.0
1981-08-21,17.7,3.1,37.0,24.0
1981-08-22,17.5,4.6,36.0,23.5
1981-08-23,9.7,10.7,36.0,23.5
1981-08-24,3.4,7.6,36.0,24.0
1981-08-25,0.0,6.0,36.0,23.0
1981-08-26,17.0,3.7,37.5,24.0
1981-08-27,0.0,5.9,37.5,23.0
1981-08-28,14.6,5.0,39.0,22.0
1981-08-29,0.5,2.3,30.0,25.0
1981-08-30,0.8,2.3,32.0,23.0
1981-08-31,13.4,0.1,34.0,24.5
1981-09-01,0.0,1.4,32.5,24.0
1981-09-02,45.0,6.7,31.0,24.0
1981-09-03,47.5,4.9,33.5,23.0
1981-09-04,1.2,5.5,34.5,24.5
1981-09-05,0.0,3.5,35.0,24.0
1981-09-06,25.6,2.7,34.0,24.0
1981-09-07,0.0,6.6,35.0,22.0
1981-09-08,2.4,4.4,35.0,24.5
1981-09-09,0.0,2.7,35.0,22.0
1981-09-10,2.3,4.6,35.0,23.5
1981-09-11,0.0,4.1,36.0,22.0
1981-09-12,0.0,3.5,36.0,24.0
1981-09-13,2.0,4.0,37.0,25.0
1981-09-14,2.5,5.3,37.0,22.5
1981-09-15,0.8,0.4,33.8,23.5
1981-09-16,0.0,2.8,35.0,24.0
1981-09-17,0.0,4.8,38.0,24.5
1981-09-18,0.0,6.7,37.0,24.0
1981-09-19,3.2,3.7,36.0,21.5
1981-09-20,5.8,4.9,36.5,22.0
1981-09-21,4.3,2.6,30.0,22.5
1981-09-22,0.0,4.0,35.5,20.0
1981-09-23,0.0,3.5,35.5,24.0
1981-09-24,0.0,2.8,36.0,24.5
1981-09-25,0.0,3.9,36.0,25.0
1981-09-26,1.2,2.9,36.5,26.0
1981-09-27,0.0,3.2,36.0,22.0
1981-09-28,0.0,4.8,36.5,24.0
1981-09-29,3.0,4.7,37.0,24.0
1981-09-30,0.0,3.2,34.0,24.0
1981-10-01,0.0,3.0,33.0,26.0
1981-10-02,6.2,3.4,36.0,24.5
1981-10-03,0.0,3.8,38.0,22.0
1981-10-04,0.0,4.2,36.0,23.5
1981-10-05,44.4,4.8,37.0,22.0
1981-10-06,43.3,4.2,34.0,21.5
1981-10-07,27.7,2.9,28.0,21.5
1981-10-08,1.3,2.1,32.0,23.0
1981-10-09,0.0,3.3,35.5,21.0
1981-10-10,4.5,3.6,34.0,21.5
1981-10-11,107.7,4.8,29.0,22.0
1981-10-12,16.0,5.9,27.0,21.5
1981-10-13,0.0,4.2,33.0,20.0
1981-10-14,0.0,4.1,33.0,19.5
1981-10-15,0.0,4.4,34.0,19.5
1981-10-16,0.0,2.5,35.0,20.0
1981-10-17,0.0,3.8,35.0,21.0
1981-10-18,2.1,2.1,36.0,20.0
1981-10-19,0.0,5.6,35.0,22.0
1981-10-20,0.0,3.3,35.0,21.0
1981-10-21,0.0,4.1,36.0,20.0
1981-10-22,1.5,3.7,36.0,21.0
1981-10-23,0.0,2.6,36.5,22.0
1981-10-24,0.0,4.4,35.0,21.0
1981-10-25,0.0,2.5,34.0,21.5
1981-10-26,0.0,4.2,36.0,19.0
1981-10-27,0.0,4.3,37.0,17.0
1981-10-28,0.0,3.5,36.0,19.0
1981-10-29,0.0,1.1,31.5,21.5
1981-10-30,1.3,0.7,29.0,23.0
1981-10-31,0.0,1.3,34.0,20.0
1981-11-01,0.0,4.5,35.5,19.0
1981-11-02,0.3,3.2,36.5,21.5
1981-11-03,0.0,2.9,35.0,20.5
1981-11-04,0.0,3.4,35.5,19.0
1981-11-05,0.2,3.0,35.0,19.0
1981-11-06,0.0,4.9,37.0,16.0
1981-11-07,0.0,2.6,36.5,13.0
1981-11-08,0.0,4.7,36.5,15.0
1981-11-09,0.0,2.7,36.0,15.0
1981-11-10,0.0,3.6,36.0,14.5
1981-11-11,0.0,3.7,36.0,16.0
1981-11-12,0.0,2.6,34.0,19.0
1981-11-13,0.0,3.6,35.0,17.0
1981-11-14,0.0,3.5,37.0,15.0
1981-11-15,0.0,4.1,35.0,13.5
1981-11-16,0.0,2.4,35.0,16.0
1981-11-17,0.0,3.1,33.0,16.0
1981-11-18,0.0,3.9,31.0,15.0
1981-11-19,0.0,2.3,33.0,18.5
1981-11-20,0.3,3.0,33.0,18.0
1981-11-21,0.0,3.4,35.5,15.5
1981-11-22,0.0,4.6,36.0,13.0
1981-11-23,0.0,2.1,35.5,11.0
1981-11-24,0.0,3.2,35.0,11.0
1981-11-25,0.0,2.5,32.5,11.0
1981-11-26,0.0,3.0,32.0,14.0
1981-11-27,0.0,3.0,33.0,14.0
1981-11-28,0.0,2.9,31.0,12.0
1981-11-29,0.0,1.8,32.0,11.5
1981-11-30,0.0,3.2,31.0,13.0
1981-12-01,0.0,3.0,32.0,12.0
1981-12-02,0.0,3.0,33.0,11.7
1981-12-03,0.1,2.8,34.0,12.0
1981-12-04,1.0,1.4,31.0,12.0
1981-12-05,0.0,3.0,35.0,11.0
1981-12-06,0.0,2.5,34.0,15.5
1981-12-07,0.0,2.8,35.0,15.0
1981-12-08,0.0,2.6,32.0,13.0
1981-12-09,0.0,2.9,37.0,13.0
1981-12-10,0.0,3.5,36.0,14.0
1981-12-11,0.0,4.3,36.0,10.0
1981-12-12,0.0,2.5,35.0,11.0
1981-12-13,0.0,3.7,34.0,11.5
1981-12-14,0.0,2.4,33.5,9.0
1981-12-15,0.0,2.8,33.0,9.0
1981-12-16,0.0,3.0,34.0,10.0
1981-12-17,0.0,3.0,33.0,10.0
1981-12-18,0.0,3.5,34.0,11.0
1981-12-19,0.0,3.3,35.0,11.0
1981-12-20,0.0,2.5,34.0,11.0
1981-12-21,0.0,3.0,36.0,11.0
1981-12-22,0.0,2.2,32.0,12.0
1981-12-23,0.0,3.6,30.0,14.0
1981-12-24,0.0,1.2,28.0,16.0
1981-12-25,0.0,4.8,33.0,11.0
1981-12-26,0.0,2.5,34.0,10.0
1981-12-27,0.0,4.2,33.0,9.0
1981-12-28,0.0,1.1,31.5,9.0
1981-12-29,0.0,2.1,25.0,9.0
1981-12-30,0.0,1.1,33.0,11.0
1981-12-31,0.0,3.4,32.0,11.0
1982-01-01,0.0,3.0,31.1,10.0
1982-01-02,0.0,4.2,30.5,13.0
1982-01-03,0.0,1.9,31.0,12.0
1982-01-04,0.0,3.6,33.5,8.0
1982-01-05,0.0,3.1,31.5,8.0
1982-01-06,0.0,2.6,31.5,7.0
1982-01-07,0.0,2.3,31.0,7.0
1982-01-08,0.0,3.4,33.0,8.0
1982-01-09,0.0,3.7,39.0,13.0
1982-01-10,0.0,2.3,33.0,12.0
1982-01-11,2.2,0.9,27.0,13.5
1982-01-12,0.8,4.4,32.0,14.0
1982-01-13,0.0,3.1,30.0,15.0
1982-01-14,0.0,2.4,32.0,10.0
1982-01-15,0.0,4.5,30.5,9.0
1982-01-16,0.0,2.9,31.0,9.0
1982-01-17,0.0,2.7,34.5,9.5
1982-01-18,0.0,4.3,33.5,9.0
1982-01-19,0.0,2.6,36.0,10.0
1982-01-20,0.0,2.8,36.0,10.5
1982-01-21,0.0,3.5,30.0,11.0
1982-01-22,0.0,3.1,33.5,13.0
1982-01-23,0.0,3.9,34.0,8.0
1982-01-24,0.0,4.0,31.0,9.0
1982-01-25,0.0,2.7,35.0,9.5
1982-01-26,0.0,4.0,34.5,10.0
1982-01-27,0.0,4.2,36.0,8.5
1982-01-28,0.0,4.5,35.0,6.5
1982-01-29,0.0,4.4,33.0,5.0
1982-01-30,0.0,4.6,30.0,5.5
1982-01-31,0.0,4.1,32.0,7.0
1982-02-01,0.2,3.0,30.0,6.0
1982-02-02,0.0,3.8,30.5,6.0
1982-02-03,0.0,4.2,33.0,6.5
1982-02-04,0.0,3.7,32.0,6.0
1982-02-05,0.0,5.3,34.0,7.0
1982-02-06,0.0,3.7,35.0,10.5
1982-02-07,0.0,5.4,35.0,9.7
1982-02-08,0.0,3.7,35.0,8.5
1982-02-09,0.0,4.7,35.5,8.0
1982-02-10,0.0,4.1,36.0,7.0
1982-02-11,0.0,5.0,36.0,8.0
1982-02-12,0.0,5.6,37.0,9.0
1982-02-13,0.0,3.8,32.0,9.0
1982-02-14,0.0,4.2,31.0,9.0
1982-02-15,0.0,4.8,32.0,9.5
1982-02-16,0.0,4.8,36.0,8.0
1982-02-17,0.0,5.4,36.0,9.0
1982-02-18,0.0,4.2,33.0,9.0
1982-02-19,0.0,5.3,31.0,9.0
1982-02-20,0.0,3.9,33.5,11.0
1982-02-21,0.0,4.7,37.0,9.5
1982-02-22,0.0,5.5,38.0,11.0
1982-02-23,0.0,5.5,37.0,11.0
1982-02-24,0.0,5.0,35.0,12.0
1982-02-25,0.0,6.5,37.0,14.0
1982-02-26,0.0,4.0,34.0,10.0
1982-02-27,0.0,5.2,33.0,9.5
1982-02-28,0.0,6.3,34.5,10.0
1982-03-01,0.0,5.8,37.0,10.5
1982-03-02,0.0,3.8,36.0,12.0
1982-03-03,0.6,8.6,34.5,11.5
1982-03-04,0.0,2.6,31.0,11.0
1982-03-05,0.0,5.4,32.0,15.0
1982-03-06,0.0,4.1,32.0,10.5
1982-03-07,0.0,5.9,34.0,9.0
1982-03-08,0.0,6.3,33.5,9.0
1982-03-09,0.0,7.1,36.5,10.0
1982-03-10,0.0,7.8,37.5,10.3
1982-03-11,0.0,6.4,37.0,11.5
1982-03-12,0.0,5.4,36.5,12.0
1982-03-13,0.0,5.9,38.0,11.5
1982-03-14,0.0,7.6,38.0,16.0
1982-03-15,0.0,6.2,37.5,10.5
1982-03-16,0.0,5.6,36.0,11.5
1982-03-17,0.0,5.9,35.0,11.0
1982-03-18,0.0,6.6,35.0,12.0
1982-03-19,0.0,5.5,37.0,12.0
1982-03-20,0.0,7.4,36.0,9.0
1982-03-21,0.0,6.1,36.0,11.0
1982-03-22,0.0,6.2,36.0,11.0
1982-03-23,0.0,6.1,36.5,11.0
1982-03-24,0.0,7.9,35.0,11.0
1982-03-25,0.0,6.7,38.5,12.0
1982-03-26,0.0,6.7,37.0,12.0
1982-03-27,0.0,6.8,38.0,11.0
1982-03-28,0.0,6.9,38.5,12.0
1982-03-29,0.0,5.6,36.5,13.0
1982-03-30,0.0,7.9,38.0,13.0
1982-03-31,0.0,9.0,31.0,12.5
1982-04-01,0.0,7.1,39.0,13.5
1982-04-02,0.0,7.3,38.0,12.0
1982-04-03,0.0,7.5,40.0,13.5
1982-04-04,0.0,6.8,37.6,12.0
1982-04-05,0.0,6.6,39.0,14.0
1982-04-06,0.0,6.6,38.0,13.0
1982-04-07,0.0,7.1,38.0,14.0
1982-04-08,0.0,9.9,40.0,13.0
1982-04-09,0.0,10.3,41.5,16.0
1982-04-10,0.0,10.1,40.0,16.0
1982-04-11,0.0,6.5,39.0,16.0
1982-04-12,0.0,6.4,39.0,18.0
1982-04-13,0.1,7.3,38.0,18.0
1982-04-14,0.0,7.2,38.5,16.5
1982-04-15,0.0,8.4,38.0,15.0
1982-04-16,0.0,7.8,38.0,14.0
1982-04-17,0.0,6.8,39.0,13.0
1982-04-18,0.0,7.2,37.5,15.0
1982-04-19,0.0,8.5,39.0,16.0
1982-04-20,0.0,6.8,38.0,15.0
1982-04-21,0.0,7.4,38.0,16.0
1982-04-22,0.0,6.7,38.0,16.5
1982-04-23,0.8,3.4,39.5,18.0
1982-04-24,0.0,7.2,37.5,17.0
1982-04-25,0.0,7.3,37.5,13.0
1982-04-26,0.0,7.2,38.5,12.0
1982-04-27,0.0,5.9,38.0,14.0
1982-04-28,0.0,5.2,37.5,14.0
1982-04-29,0.0,7.8,36.0,18.0
1982-04-30,0.0,8.4,36.0,16.0
1982-05-01,0.0,4.8,36.0,16.0
1982-05-02,0.0,6.6,34.0,19.0
1982-05-03,0.0,6.1,36.0,19.0
1982-05-04,0.0,4.8,35.0,20.0
1982-05-05,0.0,6.5,36.0,19.0
1982-05-06,0.0,7.8,36.0,15.0
1982-05-07,0.0,8.3,37.5,13.0
1982-05-08,0.0,6.6,36.5,12.0
1982-05-09,0.0,7.6,37.5,12.0
1982-05-10,0.0,6.9,37.5,12.5
1982-05-11,0.0,5.8,37.0,13.0
1982-05-12,0.0,8.6,38.0,15.0
1982-05-13,0.0,8.2,37.5,15.0
1982-05-14,0.0,8.6,40.0,15.0
1982-05-15,0.0,8.8,40.0,16.0
1982-05-16,0.0,9.9,40.0,16.2
1982-05-17,0.1,9.9,40.0,16.0
1982-05-18,0.0,10.1,39.0,16.0
1982-05-19,0.0,8.8,39.0,17.0
1982-05-20,0.0,7.7,39.5,19.0
1982-05-21,0.0,10.1,40.0,21.0
1982-05-22,0.0,8.2,39.0,17.0
1982-05-23,0.0,8.0,41.0,18.0
1982-05-24,0.0,7.7,39.0,19.5
1982-05-25,0.0,9.3,38.0,20.0
1982-05-26,0.0,6.6,35.0,19.0
1982-05-27,0.0,4.6,35.0,21.0
1982-05-28,0.0,7.6,37.0,22.0
1982-05-29,0.0,8.2,36.0,21.0
1982-05-30,0.0,6.3,37.0,21.6
1982-05-31,0.0,7.4,37.0,22.0
1982-06-01,0.0,6.7,36.5,21.5
1982-06-02,0.0,8.1,38.0,23.0
1982-06-03,0.0,7.8,37.5,23.0
1982-06-04,0.0,7.3,37.0,22.0
1982-06-05,0.0,7.0,36.5,22.5
1982-06-06,0.0,6.0,38.0,25.0
1982-06-07,0.0,7.8,39.0,19.5
1982-06-08,0.0,6.9,39.0,20.5
1982-06-09,0.0,8.3,37.0,22.0
1982-06-10,0.0,7.1,38.0,24.0
1982-06-11,0.0,10.3,40.5,24.5
1982-06-12,0.0,8.6,40.0,20.5
1982-06-13,0.0,8.6,40.0,22.0
1982-06-14,0.0,8.1,39.0,23.0
1982-06-15,0.0,9.5,39.0,24.0
1982-06-16,0.0,7.4,38.0,23.0
1982-06-17,0.0,8.2,38.0,24.0
1982-06-18,0.0,6.4,39.5,25.0
1982-06-19,0.0,10.9,37.5,23.3
1982-06-20,0.0,7.6,39.0,23.0
1982-06-21,0.0,9.5,38.0,24.0
1982-06-22,0.0,9.0,39.0,26.0
1982-06-23,0.0,10.5,39.5,26.0
1982-06-24,0.0,7.6,39.0,25.0
1982-06-25,0.0,10.2,39.0,24.0
1982-06-26,0.0,8.8,39.0,25.0
1982-06-27,0.0,9.2,38.0,24.0
1982-06-28,0.0,8.6,39.0,25.5
1982-06-29,0.0,8.9,39.0,24.0
1982-06-30,3.7,8.5,39.0,25.0
1982-07-01,0.0,9.0,40.0,24.0
1982-07-02,0.0,7.6,38.5,24.5
1982-07-03,0.0,7.4,40.5,25.0
1982-07-04,0.0,8.4,38.5,26.0
1982-07-05,0.0,8.2,40.0,27.0
1982-07-06,6.0,6.9,40.5,26.0
1982-07-07,0.6,6.0,40.0,24.0
1982-07-08,1.7,6.5,38.5,26.0
1982-07-09,2.6,8.6,40.0,24.0
1982-07-10,0.0,5.1,37.0,23.5
1982-07-11,0.0,5.8,37.0,24.0
1982-07-12,4.0,7.3,39.0,26.0
1982-07-13,1.2,6.3,40.0,23.0
1982-07-14,0.0,7.8,40.0,24.0
1982-07-15,0.0,7.3,38.0,26.0
1982-07-16,16.4,7.6,38.5,26.0
1982-07-17,14.4,4.2,37.0,22.0
1982-07-18,7.3,4.9,35.0,22.5
1982-07-19,2.2,3.0,35.0,23.0
1982-07-20,4.8,4.3,35.0,24.0
1982-07-21,1.2,4.7,36.5,24.0
1982-07-22,0.0,6.5,37.0,24.0
1982-07-23,0.0,7.0,37.0,24.5
1982-07-24,1.0,3.6,35.0,23.5
1982-07-25,0.0,5.0,37.0,25.0
1982-07-26,56.0,8.7,37.5,25.0
1982-07-27,1.0,4.8,32.0,23.0
1982-07-28,0.0,5.2,37.0,23.5
1982-07-29,0.0,5.9,38.0,24.0
1982-07-30,0.0,5.1,37.0,26.0
1982-07-31,0.0,5.6,38.0,27.0
1982-08-01,1.5,5.8,38.0,25.0
1982-08-02,0.9,6.0,35.0,24.0
1982-08-03,14.0,2.8,32.5,24.5
1982-08-04,0.0,4.8,36.5,22.0
1982-08-05,1.6,4.2,37.5,22.5
1982-08-06,0.4,5.2,38.5,23.0
1982-08-07,0.0,5.4,37.0,24.0
1982-08-08,10.2,6.2,37.5,26.0
1982-08-09,0.0,3.3,35.0,22.0
1982-08-10,41.8,3.4,34.0,23.5
1982-08-11,0.0,4.4,35.3,24.0
1982-08-12,2.4,3.8,37.0,23.5
1982-08-13,6.2,2.5,34.0,24.0
1982-08-14,0.0,5.7,35.5,24.0
1982-08-15,37.0,10.7,36.5,24.0
1982-08-16,0.0,3.0,36.5,22.0
1982-08-17,0.0,4.0,37.0,24.0
1982-08-18,6.0,5.1,39.0,24.5
1982-08-19,35.4,5.9,37.0,24.0
1982-08-20,2.8,4.1,38.0,23.0
1982-08-21,0.3,4.1,37.0,24.0
1982-08-22,0.0,3.0,35.6,23.0
1982-08-23,0.0,3.8,34.5,22.5
1982-08-24,0.0,5.1,37.0,22.0
1982-08-25,12.0,5.9,38.0,22.5
1982-08-26,0.0,3.8,37.0,22.5
1982-08-27,0.0,5.5,39.0,23.0
1982-08-28,8.0,6.4,38.5,24.0
1982-08-29,0.0,2.7,36.0,22.0
1982-08-30,15.6,5.6,38.0,25.0
1982-08-31,0.2,4.0,37.0,25.0
1982-09-01,2.0,6.0,38.0,25.0
1982-09-02,0.0,3.4,38.5,23.0
1982-09-03,14.6,7.2,39.5,24.0
1982-09-04,0.0,4.4,37.0,24.0
1982-09-05,7.0,4.2,37.0,23.5
1982-09-06,0.4,2.8,36.0,21.5
1982-09-07,1.0,1.9,32.5,22.5
1982-09-08,0.0,5.4,36.5,25.0
1982-09-09,0.0,5.4,37.5,23.0
1982-09-10,4.4,2.1,35.0,23.0
1982-09-11,0.0,2.2,32.5,23.5
1982-09-12,0.1,2.9,37.0,22.0
1982-09-13,0.0,6.2,38.0,22.5
1982-09-14,31.6,6.2,39.5,23.5
1982-09-15,0.0,4.9,38.0,22.0
1982-09-16,0.0,4.1,38.0,23.0
1982-09-17,0.0,5.1,39.0,23.0
1982-09-18,0.0,5.4,40.5,23.0
1982-09-19,1.0,4.8,42.0,25.0
1982-09-20,0.0,5.2,41.5,24.0
1982-09-21,0.0,7.4,43.0,25.0
1982-09-22,2.6,4.4,39.0,24.0
1982-09-23,0.0,4.6,37.0,23.0
1982-09-24,0.0,5.7,39.0,24.0
1982-09-25,0.0,4.6,39.0,26.0
1982-09-26,0.0,4.9,37.5,26.5
1982-09-27,27.6,2.5,37.0,26.0
1982-09-28,21.5,2.5,31.5,22.0
1982-09-29,12.0,2.7,32.0,22.5
1982-09-30,7.3,3.1,34.0,24.0
1982-10-01,0.0,3.5,35.0,21.5
1982-10-02,0.0,3.8,36.0,22.0
1982-10-03,0.0,4.0,36.0,23.0
1982-10-04,0.0,5.4,35.5,22.0
1982-10-05,0.0,3.3,36.0,24.0
1982-10-06,25.7,3.7,34.5,25.0
1982-10-07,8.8,2.8,31.0,21.0
1982-10-08,6.9,3.4,35.0,23.5
1982-10-09,0.0,3.7,32.0,23.0
1982-10-10,0.0,2.7,33.5,20.0
1982-10-11,0.0,4.8,34.0,20.0
1982-10-12,0.0,4.4,36.0,18.5
1982-10-13,0.0,5.0,36.0,17.0
1982-10-14,0.0,4.2,36.5,18.0
1982-10-15,0.0,5.3,37.5,20.0
1982-10-16,0.0,4.5,39.0,19.0
1982-10-17,0.0,3.2,37.0,20.0
1982-10-18,0.0,3.7,35.0,21.0
1982-10-19,0.0,3.1,34.5,20.0
1982-10-20,0.0,2.9,35.0,21.0
1982-10-21,0.0,4.4,38.0,20.5
1982-10-22,0.0,4.8,36.0,20.0
1982-10-23,0.0,4.4,38.0,20.0
1982-10-24,0.0,4.9,38.0,21.0
1982-10-25,0.0,4.2,38.0,21.0
1982-10-26,0.0,5.0,37.5,20.0
1982-10-27,0.0,4.2,36.5,18.0
1982-10-28,0.0,4.4,36.5,16.5
1982-10-29,0.0,4.3,36.0,16.5
1982-10-30,0.0,5.8,36.0,15.0
1982-10-31,0.0,2.9,37.5,15.0
1982-11-01,0.0,4.3,36.0,15.0
1982-11-02,0.0,5.2,36.0,14.0
1982-11-03,0.0,3.4,36.0,14.0
1982-11-04,0.0,5.0,37.0,13.0
1982-11-05,0.0,4.1,39.0,11.0
1982-11-06,0.0,5.4,38.0,11.0
1982-11-07,0.0,3.9,37.5,13.0
1982-11-08,0.0,2.8,35.0,13.0
1982-11-09,0.0,4.9,36.5,13.5
1982-11-10,0.0,3.8,37.5,15.0
1982-11-11,0.0,4.5,37.0,16.0
1982-11-12,0.0,4.2,37.5,14.0
1982-11-13,0.1,4.2,38.5,14.0
1982-11-14,0.0,5.8,39.5,13.5
1982-11-15,0.0,3.9,38.0,13.5
1982-11-16,0.0,3.2,36.0,13.0
1982-11-17,0.0,4.2,34.0,13.0
1982-11-18,10.5,1.6,37.0,14.3
1982-11-19,0.0,3.3,34.0,13.5
1982-11-20,0.0,4.2,35.0,13.0
1982-11-21,0.0,3.8,34.1,13.0
1982-11-22,0.0,3.0,33.5,13.1
1982-11-23,0.0,3.8,31.5,12.0
1982-11-24,43.2,3.2,32.0,13.0
1982-11-25,63.7,4.0,31.0,16.0
1982-11-26,1.1,1.7,26.0,13.5
1982-11-27,0.0,1.7,30.0,12.5
1982-11-28,0.0,3.8,30.0,12.0
1982-11-29,0.0,2.9,29.0,13.0
1982-11-30,0.0,1.9,30.0,10.0
1982-12-01,0.0,3.0,29.0,11.0
1982-12-02,1.2,1.5,22.0,11.5
1982-12-03,0.0,1.6,27.5,10.0
1982-12-04,0.0,2.7,30.0,9.0
1982-12-05,0.0,3.7,29.5,10.0
1982-12-06,0.0,2.6,30.0,10.0
1982-12-07,0.0,1.4,30.5,10.9
1982-12-08,9.3,0.1,24.5,13.0
1982-12-09,68.9,2.5,23.5,16.0
1982-12-10,1.4,1.8,25.0,17.5
1982-12-11,0.0,1.1,29.0,18.0
1982-12-12,0.0,1.4,27.5,16.0
1982-12-13,0.0,2.3,28.0,17.0
1982-12-14,0.2,1.6,31.0,13.5
1982-12-15,0.0,3.5,31.5,12.0
1982-12-16,0.0,2.0,35.0,11.0
1982-12-17,0.0,3.6,33.2,11.5
1982-12-18,0.0,2.6,34.5,10.0
1982-12-19,0.0,1.9,33.0,10.0
1982-12-20,0.0,2.4,32.0,9.5
1982-12-21,0.0,3.2,32.0,11.0
1982-12-22,0.0,3.1,31.0,11.0
1982-12-23,0.0,3.5,30.0,11.0
1982-12-24,1.0,0.5,23.5,10.5
1982-12-25,0.8,1.8,22.5,12.0
1982-12-26,1.7,2.0,21.0,11.0
1982-12-27,0.0,2.1,25.0,8.0
1982-12-28,0.0,2.9,25.5,9.0
1982-12-29,0.5,2.1,27.5,9.0
1982-12-30,0.0,1.8,27.5,9.0
1982-12-31,0.0,3.6,28.0,10.5
1983-01-01,0.0,1.4,29.0,10.0
1983-01-02,0.0,2.8,28.0,12.0
1983-01-03,0.0,3.6,28.0,9.5
1983-01-04,0.0,1.6,29.0,10.0
1983-01-05,0.0,3.5,33.0,10.0
1983-01-06,0.0,3.1,33.0,11.0
1983-01-07,0.0,1.5,33.0,12.0
1983-01-08,0.0,3.9,32.0,11.0
1983-01-09,0.0,1.3,30.2,11.0
1983-01-10,0.0,2.4,30.0,12.0
1983-01-11,0.0,2.8,32.0,12.5
1983-01-12,4.0,2.7,26.5,14.0
1983-01-13,24.0,1.6,20.0,17.0
1983-01-14,0.0,1.5,27.1,17.0
1983-01-15,0.0,2.4,32.0,14.5
1983-01-16,0.0,2.8,20.0,14.0
1983-01-17,0.0,2.4,29.0,15.5
1983-01-18,0.5,2.6,30.0,15.0
1983-01-19,5.3,2.0,28.5,15.0
1983-01-20,0.0,2.1,26.0,13.5
1983-01-21,0.0,2.4,26.0,9.5
1983-01-22,0.0,2.4,26.0,6.5
1983-01-23,0.0,2.8,28.0,6.0
1983-01-24,0.0,3.6,29.5,6.0
1983-01-25,0.0,3.0,31.0,7.6
1983-01-26,0.0,1.6,31.5,7.0
1983-01-27,0.0,3.0,30.0,7.0
1983-01-28,0.0,1.9,30.0,7.9
1983-01-29,0.0,3.5,30.0,10.0
1983-01-30,17.3,3.8,26.5,11.0
1983-01-31,2.3,1.2,26.0,13.0
1983-02-01,0.0,4.1,25.0,8.0
1983-02-02,0.0,1.7,27.3,6.0
1983-02-03,0.0,1.4,25.0,6.0
1983-02-04,9.2,4.3,28.5,7.0
1983-02-05,5.8,2.5,25.5,7.5
1983-02-06,0.0,3.1,28.0,9.0
1983-02-07,0.1,3.2,30.0,10.0
1983-02-08,0.0,3.4,30.0,9.5
1983-02-09,0.0,3.4,30.0,10.0
1983-02-10,0.0,2.7,29.0,11.0
1983-02-11,0.0,3.3,29.0,11.0
1983-02-12,0.0,3.4,31.5,11.0
1983-02-13,0.0,4.9,31.5,9.0
1983-02-14,0.0,4.0,31.0,9.5
1983-02-15,0.0,2.6,30.0,7.5
1983-02-16,0.0,4.0,31.5,8.0
1983-02-17,0.0,2.6,30.5,8.0
1983-02-18,0.0,4.7,31.0,9.0
1983-02-19,0.0,3.8,31.0,11.0
1983-02-20,0.0,2.9,30.5,14.0
1983-02-21,0.0,4.8,31.0,10.0
1983-02-22,0.0,3.8,31.0,10.5
1983-02-23,0.0,4.5,31.0,11.0
1983-02-24,6.0,3.5,29.0,9.0
1983-02-25,0.0,3.6,28.5,11.5
1983-02-26,0.6,3.9,28.0,8.5
1983-02-27,0.0,4.3,30.5,10.0
1983-02-28,0.0,3.9,32.0,9.0
1983-03-01,0.0,4.4,32.0,11.0
1983-03-02,0.0,3.5,28.5,11.0
1983-03-03,46.4,3.4,21.0,13.0
1983-03-04,29.2,1.9,21.5,18.0
1983-03-05,0.0,3.9,26.5,11.0
1983-03-06,0.0,4.1,29.0,10.0
1983-03-07,0.0,4.2,31.5,10.0
1983-03-08,0.0,4.3,31.5,11.0
1983-03-09,0.0,4.7,30.5,12.5
1983-03-10,0.0,3.7,31.5,14.0
1983-03-11,0.0,3.6,31.0,16.0
1983-03-12,1.2,3.5,28.5,16.0
1983-03-13,0.0,3.3,30.0,13.0
1983-03-14,0.0,4.8,30.5,13.5
1983-03-15,0.0,4.2,30.5,12.0
1983-03-16,0.0,5.1,28.5,11.0
1983-03-17,0.0,5.6,30.5,9.0
1983-03-18,0.0,4.8,30.5,10.0
1983-03-19,0.0,4.3,30.9,11.0
1983-03-20,0.0,5.2,30.5,11.5
1983-03-21,0.0,3.3,29.5,10.0
1983-03-22,0.0,4.8,30.0,11.5
1983-03-23,0.0,4.3,31.0,13.0
1983-03-24,0.0,6.7,33.0,11.0
1983-03-25,0.0,5.6,31.5,10.0
1983-03-26,0.0,6.0,32.5,10.0
1983-03-27,0.0,6.6,34.0,8.0
1983-03-28,0.0,5.2,35.0,9.0
1983-03-29,0.0,7.4,34.5,11.0
1983-03-30,0.0,6.1,35.0,11.5
1983-03-31,0.0,6.4,36.0,13.0
1983-04-01,0.0,7.2,35.5,15.0
1983-04-02,0.0,4.9,35.0,14.0
1983-04-03,0.0,6.1,33.5,15.0
1983-04-04,0.0,6.0,33.0,13.0
1983-04-05,0.0,5.6,32.5,14.0
1983-04-06,0.0,6.0,28.5,14.5
1983-04-07,11.5,0.8,21.5,15.5
1983-04-08,0.0,6.3,28.5,11.5
1983-04-09,0.0,6.5,31.0,9.5
1983-04-10,0.0,5.9,35.0,9.0
1983-04-11,0.0,7.7,34.0,12.0
1983-04-12,0.0,6.7,33.0,10.5
1983-04-13,0.0,6.2,32.0,10.0
1983-04-14,0.0,7.7,33.5,8.5
1983-04-15,0.0,5.9,34.0,9.0
1983-04-16,0.0,7.1,34.0,10.0
1983-04-17,0.0,7.0,36.0,12.0
1983-04-18,0.0,6.0,34.0,13.0
1983-04-19,0.0,6.9,35.5,14.5
1983-04-20,0.0,6.5,35.0,15.0
1983-04-21,0.0,8.1,36.5,13.0
1983-04-22,0.0,8.0,36.0,12.5
1983-04-23,0.0,7.9,36.0,12.0
1983-04-24,0.0,7.7,36.0,13.0
1983-04-25,0.0,6.7,34.0,11.5
1983-04-26,0.0,7.4,34.0,15.0
1983-04-27,0.0,7.2,35.5,14.5
1983-04-28,0.0,5.3,35.0,14.0
1983-04-29,0.0,7.0,36.0,15.5
1983-04-30,0.0,8.0,38.5,16.5
1983-05-01,0.0,8.6,36.5,16.0
1983-05-02,0.0,9.2,38.5,16.5
1983-05-03,0.0,8.3,37.0,16.3
1983-05-04,0.0,7.8,37.0,14.5
1983-05-05,0.0,9.0,38.0,17.0
1983-05-06,0.0,8.9,39.0,15.5
1983-05-07,0.0,9.5,40.0,16.5
1983-05-08,0.0,9.1,40.0,15.0
1983-05-09,0.0,8.6,39.0,15.0
1983-05-10,0.0,8.9,40.0,13.0
1983-05-11,0.0,10.7,41.0,14.0
1983-05-12,0.0,9.7,41.0,12.5
1983-05-13,0.0,9.6,42.5,12.5
1983-05-14,0.0,7.2,40.0,13.5
1983-05-15,0.0,8.9,41.0,14.5
1983-05-16,0.0,4.9,35.0,14.5
1983-05-17,0.0,10.2,40.0,14.0
1983-05-18,0.0,8.0,38.5,16.0
1983-05-19,0.0,7.5,39.0,14.5
1983-05-20,0.0,10.6,40.0,15.0
1983-05-21,0.0,10.3,42.5,14.5
1983-05-22,0.0,11.0,42.0,15.0
1983-05-23,0.0,8.0,39.5,16.0
1983-05-24,0.0,9.3,40.0,19.0
1983-05-25,0.0,8.4,39.0,20.0
1983-05-26,0.5,6.3,38.5,22.0
1983-05-27,4.2,4.3,36.0,24.0
1983-05-28,0.0,2.7,30.0,21.9
1983-05-29,0.0,6.6,36.0,21.5
1983-05-30,0.0,7.3,35.0,21.0
1983-05-31,0.0,4.8,34.0,23.0
1983-06-01,0.0,5.4,34.5,23.5
1983-06-02,0.0,8.1,36.0,24.0
1983-06-03,0.0,8.9,37.0,23.5
1983-06-04,0.0,7.7,39.0,21.5
1983-06-05,0.0,7.1,36.5,21.0
1983-06-06,0.0,8.6,37.0,21.0
1983-06-07,0.0,9.0,38.0,25.0
1983-06-08,0.0,7.6,37.0,26.0
1983-06-09,0.0,7.5,37.5,23.0
1983-06-10,0.0,9.8,39.5,23.0
1983-06-11,0.0,4.6,36.5,25.5
1983-06-12,0.0,9.1,38.5,22.5
1983-06-13,0.0,10.7,39.5,24.0
1983-06-14,0.0,7.3,32.5,24.0
1983-06-15,0.1,8.8,40.0,23.5
1983-06-16,0.0,10.4,39.5,24.5
1983-06-17,0.0,8.2,40.0,25.0
1983-06-18,0.0,9.1,40.0,25.0
1983-06-19,0.0,9.1,39.0,24.5
1983-06-20,0.0,5.8,37.0,26.5
1983-06-21,0.0,6.3,38.0,24.0
1983-06-22,0.0,9.3,39.0,26.0
1983-06-23,0.0,10.4,39.5,26.5
1983-06-24,0.0,9.6,39.0,25.5
1983-06-25,0.0,8.1,38.0,26.0
1983-06-26,0.0,7.5,37.5,26.0
1983-06-27,1.5,8.6,39.5,26.5
1983-06-28,1.5,10.4,41.0,24.0
1983-06-29,0.0,10.6,41.0,21.0
1983-06-30,0.0,9.0,40.5,23.0
1983-07-01,0.0,8.1,40.5,23.0
1983-07-02,0.0,9.6,39.8,21.0
1983-07-03,0.0,8.9,40.0,25.0
1983-07-04,0.0,9.3,41.0,26.0
1983-07-05,2.1,3.2,41.0,27.0
1983-07-06,15.2,7.0,38.0,25.0
1983-07-07,0.0,4.1,37.9,23.0
1983-07-08,0.5,7.4,39.0,24.5
1983-07-09,1.6,5.9,39.0,24.5
1983-07-10,3.2,8.1,39.0,22.0
1983-07-11,1.8,6.3,40.0,22.0
1983-07-12,13.4,8.7,39.5,24.0
1983-07-13,13.0,7.7,37.5,24.0
1983-07-14,3.2,3.4,35.5,24.0
1983-07-15,1.1,4.8,36.0,25.0
1983-07-16,42.3,9.1,38.0,25.0
1983-07-17,57.0,9.1,36.5,22.0
1983-07-18,15.3,4.0,36.0,24.0
1983-07-19,3.4,4.2,35.0,23.5
1983-07-20,0.3,4.9,36.0,24.5
1983-07-21,0.0,4.8,35.0,25.0
1983-07-22,0.0,5.6,36.0,24.5
1983-07-23,0.0,5.9,37.0,24.0
1983-07-24,0.1,7.9,38.5,26.0
1983-07-25,0.0,6.6,37.0,24.0
1983-07-26,0.0,4.6,36.0,25.0
1983-07-27,3.3,5.9,34.0,26.5
1983-07-28,43.6,7.7,37.0,25.0
1983-07-29,0.0,5.1,36.0,22.5
1983-07-30,0.4,2.6,35.0,24.5
1983-07-31,3.2,5.4,37.0,25.0
1983-08-01,0.0,6.6,37.0,24.0
1983-08-02,1.1,2.0,37.0,25.0
1983-08-03,11.4,4.2,35.0,24.5
1983-08-04,82.5,3.9,36.0,23.0
1983-08-05,16.2,3.9,35.0,21.0
1983-08-06,30.0,4.8,36.5,23.0
1983-08-07,74.8,8.3,34.0,23.0
1983-08-08,0.0,2.5,35.0,23.0
1983-08-09,0.0,5.5,35.0,24.0
1983-08-10,0.0,4.7,36.0,23.5
1983-08-11,0.3,9.2,32.5,25.0
1983-08-12,32.8,0.1,37.0,23.0
1983-08-13,12.5,2.1,32.5,23.0
1983-08-14,0.2,1.9,31.0,23.0
1983-08-15,0.0,2.1,32.0,23.5
1983-08-16,0.0,3.3,33.5,23.5
1983-08-17,0.0,4.9,36.5,23.5
1983-08-18,0.0,5.1,36.5,24.0
1983-08-19,29.5,7.1,36.5,23.5
1983-08-20,0.2,3.2,34.0,23.0
1983-08-21,15.3,5.0,36.0,23.0
1983-08-22,0.0,4.3,36.0,22.0
1983-08-23,27.6,7.0,36.0,23.5
1983-08-24,0.0,4.8,36.5,23.5
1983-08-25,0.6,3.9,38.0,25.0
1983-08-26,0.4,3.7,36.0,23.5
1983-08-27,0.0,4.4,34.5,24.0
1983-08-28,0.0,3.1,34.8,23.0
1983-08-29,26.8,5.8,37.0,24.0
1983-08-30,0.2,2.6,37.0,24.0
1983-08-31,0.0,4.9,36.0,23.5
1983-09-01,0.0,4.4,36.5,24.0
1983-09-02,0.0,4.8,37.5,25.5
1983-09-03,23.6,5.0,37.0,24.0
1983-09-04,19.3,4.0,33.0,24.0
1983-09-05,0.5,3.1,32.0,24.0
1983-09-06,1.4,3.3,34.0,24.5
1983-09-07,0.0,4.2,35.5,24.5
1983-09-08,0.0,5.6,37.0,25.5
1983-09-09,8.9,1.0,33.0,26.0
1983-09-10,58.0,5.7,34.0,23.5
1983-09-11,0.0,4.1,33.0,23.0
1983-09-12,26.3,6.7,35.0,23.5
1983-09-13,3.0,4.1,35.0,23.5
1983-09-14,4.2,2.9,35.0,24.0
1983-09-15,20.0,5.4,34.0,24.0
1983-09-16,0.0,1.4,35.0,23.0
1983-09-17,0.0,3.9,35.5,23.5
1983-09-18,0.0,3.4,35.0,24.5
1983-09-19,11.0,0.8,34.0,25.0
1983-09-20,4.0,3.5,35.0,22.5
1983-09-21,0.6,3.4,35.0,23.0
1983-09-22,0.0,3.0,36.0,23.0
1983-09-23,0.0,4.6,36.5,23.0
1983-09-24,0.0,4.6,36.0,25.0
1983-09-25,4.3,3.5,38.0,25.0
1983-09-26,1.5,5.1,39.0,24.5
1983-09-27,0.0,5.3,37.0,22.0
1983-09-28,61.9,7.4,37.0,23.0
1983-09-29,0.0,3.7,35.0,22.0
1983-09-30,0.0,3.5,36.0,22.0
1983-10-01,0.0,4.3,36.0,23.5
1983-10-02,0.0,4.4,36.5,24.5
1983-10-03,0.0,3.8,36.0,25.0
1983-10-04,0.0,4.2,37.0,23.0
1983-10-05,0.0,3.4,38.0,24.0
1983-10-06,0.0,4.1,38.5,25.0
1983-10-07,0.0,5.4,37.0,23.6
1983-10-08,0.0,4.2,37.5,26.0
1983-10-09,0.0,3.5,36.5,25.0
1983-10-10,0.0,5.3,37.0,23.5
1983-10-11,0.0,2.0,35.5,23.0
1983-10-12,0.0,4.4,36.5,22.0
1983-10-13,0.0,4.0,36.5,21.5
1983-10-14,0.0,5.2,36.0,22.0
1983-10-15,0.0,4.6,36.5,21.0
1983-10-16,2.1,3.3,35.5,21.0
1983-10-17,0.0,4.0,36.0,21.0
1983-10-18,62.3,5.2,33.0,22.0
1983-10-19,72.8,3.3,25.0,22.0
1983-10-20,0.0,3.3,32.5,20.0
1983-10-21,0.0,3.8,33.5,19.0
1983-10-22,0.0,4.3,34.5,19.0
1983-10-23,0.0,3.7,35.0,21.5
1983-10-24,0.0,2.2,34.5,20.5
1983-10-25,1.7,3.6,35.0,21.5
1983-10-26,0.0,4.6,35.0,20.5
1983-10-27,0.0,2.4,35.0,20.0
1983-10-28,0.0,3.0,34.5,20.5
1983-10-29,0.0,4.9,35.0,20.0
1983-10-30,0.0,2.9,36.0,18.0
1983-10-31,0.0,2.8,36.0,18.5
1983-11-01,0.0,3.3,35.5,19.0
1983-11-02,0.0,4.2,35.0,18.0
1983-11-03,0.6,2.7,34.3,18.5
1983-11-04,0.0,3.1,33.5,19.5
1983-11-05,0.0,3.0,33.5,19.5
1983-11-06,0.0,2.6,35.0,19.0
1983-11-07,0.0,3.8,34.5,17.0
1983-11-08,0.0,4.4,34.0,15.5
1983-11-09,0.0,2.4,34.0,14.5
1983-11-10,0.0,4.5,34.5,14.0
1983-11-11,0.0,2.5,33.5,14.0
1983-11-12,0.0,3.7,33.5,14.1
1983-11-13,0.0,2.2,34.0,12.5
1983-11-14,0.0,4.2,33.5,13.0
1983-11-15,0.0,3.0,33.5,14.0
1983-11-16,0.0,3.3,33.5,15.0
1983-11-17,0.0,2.5,32.0,15.0
1983-11-18,0.0,3.2,32.0,14.8
1983-11-19,0.0,3.0,32.5,15.0
1983-11-20,0.0,2.2,32.5,14.0
1983-11-21,0.0,3.1,31.5,13.0
1983-11-22,0.0,3.4,29.5,14.0
1983-11-23,0.0,3.3,30.0,14.0
1983-11-24,0.0,3.0,32.0,10.5
1983-11-25,0.0,2.7,31.5,11.0
1983-11-26,0.0,4.8,29.5,12.5
1983-11-27,0.0,1.8,29.0,17.0
1983-11-28,0.0,2.8,29.5,11.0
1983-11-29,0.0,3.8,30.5,10.5
1983-11-30,0.0,1.9,31.5,10.5
1983-12-01,0.0,2.1,29.0,11.5
1983-12-02,18.6,0.4,25.0,14.0
1983-12-03,0.0,3.5,29.5,14.0
1983-12-04,0.0,2.9,31.0,13.0
1983-12-05,0.0,2.4,32.0,12.0
1983-12-06,0.0,3.0,33.0,11.0
1983-12-07,0.0,2.8,33.0,10.5
1983-12-08,0.0,1.7,34.0,11.0
1983-12-09,0.0,3.0,34.5,12.0
1983-12-10,0.0,4.3,35.5,14.0
1983-12-11,0.0,2.3,34.5,13.0
1983-12-12,0.0,1.9,32.0,15.0
1983-12-13,0.0,3.2,32.5,13.5
1983-12-14,0.0,3.3,31.5,14.0
1983-12-15,0.0,2.5,31.0,11.5
1983-12-16,0.0,2.9,32.0,11.5
1983-12-17,0.0,3.0,32.5,10.5
1983-12-18,0.0,2.7,32.5,9.5
1983-12-19,0.0,2.1,33.0,9.0
1983-12-20,0.0,3.1,31.5,8.0
1983-12-21,0.0,3.6,30.0,8.5
1983-12-22,0.0,3.1,33.0,9.0
1983-12-23,0.0,2.2,34.5,9.8
1983-12-24,0.2,4.4,34.0,7.5
1983-12-25,0.0,2.1,34.0,7.5
1983-12-26,0.0,2.9,32.5,11.0
1983-12-27,0.0,3.1,31.5,9.5
1983-12-28,0.0,2.7,30.0,10.0
1983-12-29,0.0,3.1,31.5,11.5
1983-12-30,0.0,2.9,33.0,10.0
1983-12-31,0.0,2.9,33.5,10.0
1984-01-01,0.0,1.0,31.5,11.0
1984-01-02,2.2,0.3,24.0,12.4
1984-01-03,2.0,3.3,29.5,17.5
1984-01-04,8.4,0.3,23.5,17.5
1984-01-05,0.0,2.5,31.0,17.0
1984-01-06,0.0,2.0,29.0,17.5
1984-01-07,0.0,1.2,27.5,17.5
1984-01-08,0.0,2.4,29.0,14.0
1984-01-09,0.0,2.6,30.1,9.5
1984-01-10,0.0,2.5,27.5,10.0
1984-01-11,0.0,2.6,31.0,10.0
1984-01-12,0.0,3.1,30.5,8.0
1984-01-13,0.0,2.9,30.5,8.5
1984-01-14,0.0,4.5,32.0,10.0
1984-01-15,0.0,2.0,32.5,12.0
1984-01-16,0.0,3.2,31.5,13.0
1984-01-17,0.0,3.4,29.5,10.5
1984-01-18,0.0,2.0,30.5,10.5
1984-01-19,0.0,2.2,30.5,11.0
1984-01-20,0.0,3.0,30.5,11.1
1984-01-21,0.4,3.9,33.5,10.0
1984-01-22,0.0,0.8,25.5,11.0
1984-01-23,0.0,3.1,30.0,15.0
1984-01-24,0.0,2.7,27.5,7.0
1984-01-25,0.0,4.5,29.0,7.0
1984-01-26,0.0,2.1,31.5,7.0
1984-01-27,0.0,4.0,31.5,7.0
1984-01-28,0.0,4.0,34.0,10.0
1984-01-29,55.0,3.2,28.5,13.0
1984-01-30,10.2,2.6,29.0,14.0
1984-01-31,0.0,3.9,28.5,16.0
1984-02-01,0.0,2.7,30.0,13.0
1984-02-02,0.0,1.8,30.0,13.0
1984-02-03,0.0,3.2,29.5,14.0
1984-02-04,0.8,1.8,30.0,14.5
1984-02-05,0.0,3.7,30.5,14.0
1984-02-06,0.0,4.0,31.5,11.0
1984-02-07,0.0,3.9,32.0,9.0
1984-02-08,0.0,2.6,32.0,10.0
1984-02-09,0.0,4.6,33.0,10.5
1984-02-10,0.0,4.0,32.0,12.0
1984-02-11,0.0,5.4,30.5,12.0
1984-02-12,0.0,2.7,31.0,9.5
1984-02-13,0.0,4.0,33.0,8.5
1984-02-14,0.0,3.7,32.5,9.0
1984-02-15,0.0,2.6,33.0,9.3
1984-02-16,0.0,4.1,33.3,10.0
1984-02-17,0.0,3.2,32.5,11.0
1984-02-18,0.0,4.6,33.5,9.5
1984-02-19,0.0,4.1,31.5,10.5
1984-02-20,0.0,3.6,30.0,7.0
1984-02-21,0.0,4.2,28.0,4.5
1984-02-22,0.0,4.0,28.5,5.0
1984-02-23,0.0,3.9,30.0,5.5
1984-02-24,0.0,5.1,31.0,8.5
1984-02-25,0.0,4.4,31.0,8.0
1984-02-26,0.0,5.8,31.0,8.0
1984-02-27,0.0,3.5,32.5,6.5
1984-02-28,0.0,4.6,34.0,6.0
1984-02-29,0.0,4.2,32.5,6.5
1984-03-01,0.0,4.9,32.5,12.0
1984-03-02,0.0,5.6,33.5,11.5
1984-03-03,0.0,4.8,33.0,10.5
1984-03-04,0.0,3.8,32.0,9.5
1984-03-05,0.0,3.6,30.5,11.0
1984-03-06,0.0,5.5,32.0,10.5
1984-03-07,0.0,5.4,33.0,8.5
1984-03-08,0.0,4.9,36.0,9.5
1984-03-09,0.0,5.8,34.5,8.0
1984-03-10,0.0,4.9,34.5,8.5
1984-03-11,0.0,5.8,34.0,9.5
1984-03-12,0.0,6.0,35.0,8.0
1984-03-13,0.0,6.3,36.5,7.5
1984-03-14,0.0,6.1,37.5,8.0
1984-03-15,0.0,7.5,38.5,8.1
1984-03-16,0.0,6.3,39.0,11.0
1984-03-17,0.0,4.4,36.5,13.0
1984-03-18,0.0,6.4,37.5,12.0
1984-03-19,0.0,5.5,36.5,10.0
1984-03-20,0.0,6.0,36.5,9.5
1984-03-21,0.0,6.0,36.7,9.0
1984-03-22,0.0,6.7,35.5,9.5
1984-03-23,0.0,10.5,34.5,8.5
1984-03-24,0.0,2.7,36.0,9.0
1984-03-25,0.0,3.0,31.0,10.0
1984-03-26,0.0,6.6,35.0,12.5
1984-03-27,0.0,5.3,34.4,12.0
1984-03-28,0.0,6.5,37.0,12.0
1984-03-29,0.0,5.1,34.5,12.1
1984-03-30,0.0,6.4,33.5,12.5
1984-03-31,0.0,6.9,35.0,14.0
1984-04-01,0.0,3.5,31.0,14.5
1984-04-02,0.0,6.3,34.0,11.0
1984-04-03,0.0,6.6,34.5,11.0
1984-04-04,0.0,6.6,37.5,10.5
1984-04-05,0.0,8.5,37.0,11.5
1984-04-06,0.8,3.9,33.0,12.1
1984-04-07,0.0,6.3,33.5,13.0
1984-04-08,0.0,6.7,35.5,13.0
1984-04-09,0.0,8.1,35.5,12.0
1984-04-10,0.0,7.9,37.5,11.0
1984-04-11,0.0,7.5,36.0,11.5
1984-04-12,0.0,7.6,35.0,12.0
1984-04-13,0.0,7.0,35.0,13.5
1984-04-14,0.0,7.6,34.5,14.5
1984-04-15,0.0,8.1,37.5,15.0
1984-04-16,0.0,7.9,37.0,17.5
1984-04-17,0.0,8.0,38.0,17.0
1984-04-18,0.0,4.3,35.0,13.0
1984-04-19,0.0,8.4,38.0,14.5
1984-04-20,0.0,8.2,36.0,15.5
1984-04-21,0.0,7.1,36.0,13.0
1984-04-22,0.0,8.0,37.5,15.0
1984-04-23,0.0,8.0,37.5,12.5
1984-04-24,0.0,8.5,35.0,13.0
1984-04-25,0.0,6.9,33.0,14.5
1984-04-26,0.0,5.9,36.0,16.5
1984-04-27,0.0,6.8,35.0,15.0
1984-04-28,0.0,6.5,35.5,16.0
1984-04-29,0.0,7.0,34.5,15.5
1984-04-30,0.0,7.1,36.5,14.5
1984-05-01,0.0,8.3,35.5,14.5
1984-05-02,0.0,9.0,37.0,12.0
1984-05-03,0.0,9.8,38.5,11.0
1984-05-04,0.0,9.1,39.0,11.5
1984-05-05,0.0,6.6,37.0,12.5
1984-05-06,0.0,7.3,38.5,14.0
1984-05-07,0.0,8.2,39.0,16.5
1984-05-08,0.0,7.8,38.5,17.0
1984-05-09,0.0,9.4,41.0,17.5
1984-05-10,0.0,8.4,38.0,19.5
1984-05-11,0.0,7.8,37.5,21.0
1984-05-12,0.0,8.6,37.0,21.0
1984-05-13,0.0,7.5,31.0,21.5
1984-05-14,1.3,6.7,38.0,20.0
1984-05-15,0.0,7.7,34.5,19.5
1984-05-16,0.0,7.4,33.5,16.5
1984-05-17,0.0,7.9,35.5,16.0
1984-05-18,0.0,9.9,39.5,17.0
1984-05-19,0.0,11.1,40.5,16.0
1984-05-20,0.0,11.1,40.5,16.5
1984-05-21,0.0,9.4,40.0,17.0
1984-05-22,0.0,8.4,38.0,18.0
1984-05-23,0.0,8.3,39.0,19.5
1984-05-24,0.0,8.7,38.5,23.5
1984-05-25,0.0,8.0,37.5,20.0
1984-05-26,0.0,8.7,37.0,22.5
1984-05-27,0.0,5.2,37.0,24.5
1984-05-28,0.0,6.6,35.0,22.0
1984-05-29,1.2,8.0,38.0,23.0
1984-05-30,0.0,7.5,41.5,22.0
1984-05-31,0.0,9.5,39.0,23.5
1984-06-01,0.2,9.3,38.5,20.0
1984-06-02,0.0,8.0,37.5,24.0
1984-06-03,0.0,5.4,37.0,23.5
1984-06-04,0.0,6.5,36.5,24.5
1984-06-05,0.0,7.4,37.0,20.5
1984-06-06,0.1,8.3,37.0,21.1
1984-06-07,0.0,7.9,37.5,21.0
1984-06-08,0.0,9.7,38.0,21.5
1984-06-09,0.0,9.5,38.0,19.0
1984-06-10,0.0,9.3,38.6,19.0
1984-06-11,0.0,8.6,38.0,20.0
1984-06-12,3.3,8.1,38.5,22.0
1984-06-13,0.0,6.4,37.1,22.0
1984-06-14,0.0,7.5,39.0,23.0
1984-06-15,1.4,7.9,38.5,25.0
1984-06-16,0.0,2.6,36.5,24.0
1984-06-17,8.5,6.0,37.0,25.0
1984-06-18,0.8,6.3,37.0,24.5
1984-06-19,17.6,1.6,32.0,25.5
1984-06-20,20.0,5.9,36.5,23.0
1984-06-21,0.0,4.9,36.0,23.0
1984-06-22,34.0,4.8,35.0,24.0
1984-06-23,9.5,5.1,35.0,23.5
1984-06-24,0.0,3.4,36.5,22.0
1984-06-25,0.0,6.2,37.0,24.5
1984-06-26,16.3,6.8,37.0,25.0
1984-06-27,1.0,5.8,36.0,22.5
1984-06-28,8.0,4.8,35.4,24.0
1984-06-29,23.1,5.3,35.5,22.5
1984-06-30,0.8,5.0,25.0,22.5
1984-07-01,17.1,3.5,34.5,23.5
1984-07-02,1.6,4.4,35.0,23.0
1984-07-03,0.0,5.4,35.0,23.0
1984-07-04,82.5,0.5,37.0,24.0
1984-07-05,1.3,1.4,35.0,22.0
1984-07-06,9.5,1.1,35.0,23.5
1984-07-07,31.1,5.8,34.5,23.0
1984-07-08,0.0,5.6,35.0,23.5
1984-07-09,0.0,5.4,35.0,24.0
1984-07-10,2.7,2.1,34.0,24.5
1984-07-11,4.2,0.8,34.5,24.5
1984-07-12,31.0,0.7,31.5,24.5
1984-07-13,114.3,3.5,31.5,23.5
1984-07-14,1.8,2.3,30.0,23.0
1984-07-15,12.4,1.7,32.0,23.0
1984-07-16,5.8,2.8,33.5,23.0
1984-07-17,6.8,4.2,33.0,23.0
1984-07-18,6.9,4.1,34.5,23.5
1984-07-19,0.0,4.8,35.0,21.5
1984-07-20,0.0,5.1,34.0,22.5
1984-07-21,18.4,4.5,36.0,22.0
1984-07-22,0.0,4.7,34.0,23.0
1984-07-23,1.7,4.6,35.5,23.5
1984-07-24,6.8,2.0,33.0,23.0
1984-07-25,0.0,3.6,30.5,23.5
1984-07-26,0.0,3.5,35.0,22.0
1984-07-27,0.7,6.5,36.0,23.0
1984-07-28,0.0,1.9,32.0,24.0
1984-07-29,2.8,5.9,37.5,24.0
1984-07-30,0.0,4.8,36.0,23.0
1984-07-31,43.0,6.6,37.0,23.5
1984-08-01,0.0,5.0,35.5,22.0
1984-08-02,0.0,5.7,35.5,22.5
1984-08-03,37.7,5.2,36.5,25.0
1984-08-04,27.5,4.2,35.5,24.0
1984-08-05,0.0,2.7,35.0,23.0
1984-08-06,32.2,3.2,33.0,24.5
1984-08-07,30.7,3.1,33.0,23.5
1984-08-08,0.3,3.1,33.5,22.0
1984-08-09,0.0,3.2,33.0,22.5
1984-08-10,1.0,3.6,34.0,23.0
1984-08-11,8.8,2.8,34.5,24.0
1984-08-12,0.0,4.9,35.0,23.0
1984-08-13,0.0,3.6,36.0,23.0
1984-08-14,24.0,1.2,36.0,24.0
1984-08-15,1.8,3.4,33.5,22.0
1984-08-16,15.9,2.8,33.5,23.2
1984-08-17,19.5,4.0,33.5,22.0
1984-08-18,0.0,4.7,35.5,22.5
1984-08-19,0.0,5.5,35.0,22.0
1984-08-20,2.0,4.4,36.0,24.5
1984-08-21,0.2,4.1,34.5,23.0
1984-08-22,30.6,5.2,35.0,23.0
1984-08-23,0.2,4.1,35.5,22.0
1984-08-24,2.8,1.2,32.5,22.5
1984-08-25,1.2,5.0,35.5,24.5
1984-08-26,0.1,3.7,35.0,23.5
1984-08-27,5.8,4.0,35.2,24.0
1984-08-28,0.2,4.1,35.5,24.5
1984-08-29,6.6,3.7,36.5,25.0
1984-08-30,1.6,5.4,35.5,24.5
1984-08-31,0.0,3.9,35.3,22.0
1984-09-01,3.6,3.3,36.0,22.0
1984-09-02,7.5,3.2,35.5,22.5
1984-09-03,3.2,6.8,37.0,23.5
1984-09-04,0.0,3.7,36.5,23.0
1984-09-05,0.0,5.5,38.5,23.0
1984-09-06,0.3,2.1,36.0,23.5
1984-09-07,0.2,3.8,34.0,23.0
1984-09-08,2.8,3.3,34.9,22.5
1984-09-09,14.0,3.3,33.5,23.0
1984-09-10,42.1,5.1,34.0,23.5
1984-09-11,0.8,3.9,35.0,22.0
1984-09-12,0.0,5.5,36.5,22.0
1984-09-13,0.0,1.6,34.0,22.0
1984-09-14,2.5,4.1,35.5,22.5
1984-09-15,20.4,3.6,36.0,24.0
1984-09-16,0.0,4.1,36.0,24.0
1984-09-17,2.3,5.0,35.9,24.0
1984-09-18,0.0,5.2,36.0,21.0
1984-09-19,0.0,3.6,37.0,22.5
1984-09-20,0.0,5.8,37.5,23.0
1984-09-21,0.0,5.0,36.0,22.0
1984-09-22,3.2,5.3,36.0,22.5
1984-09-23,0.0,1.9,31.0,22.5
1984-09-24,0.3,0.8,30.0,21.5
1984-09-25,0.0,2.7,33.5,22.0
1984-09-26,0.0,5.9,35.5,23.0
1984-09-27,0.0,4.4,37.0,23.5
1984-09-28,68.0,5.9,36.0,24.5
1984-09-29,0.5,2.7,34.0,22.0
1984-09-30,0.0,3.2,35.5,22.0
1984-10-01,0.0,4.3,35.0,22.5
1984-10-02,0.0,4.6,36.0,22.0
1984-10-03,16.6,0.5,27.5,21.0
1984-10-04,0.0,3.5,33.5,20.0
1984-10-05,0.0,5.2,33.0,21.0
1984-10-06,0.0,4.0,34.5,18.0
1984-10-07,0.0,2.2,35.5,15.5
1984-10-08,0.0,4.7,34.0,18.0
1984-10-09,0.0,2.8,34.5,18.0
1984-10-10,0.0,4.4,34.0,20.5
1984-10-11,0.3,4.3,35.0,21.5
1984-10-12,0.0,2.9,34.5,18.0
1984-10-13,0.0,2.6,33.0,18.5
1984-10-14,0.0,1.2,34.0,17.0
1984-10-15,0.0,3.4,33.0,18.0
1984-10-16,0.0,2.0,33.0,19.5
1984-10-17,0.0,3.4,33.5,18.5
1984-10-18,0.0,5.1,36.0,18.0
1984-10-19,0.0,4.0,35.5,18.0
1984-10-20,0.0,5.1,35.0,19.0
1984-10-21,0.0,0.3,34.5,20.0
1984-10-22,0.0,4.6,34.0,20.0
1984-10-23,0.0,2.8,34.0,19.5
1984-10-24,0.0,3.1,33.5,20.0
1984-10-25,0.0,1.7,31.5,22.0
1984-10-26,0.4,4.7,34.0,20.5
1984-10-27,0.0,4.3,35.0,15.0
1984-10-28,0.0,5.1,35.5,13.5
1984-10-29,0.0,2.9,36.0,13.5
1984-10-30,0.0,2.9,36.0,13.0
1984-10-31,0.0,4.2,38.0,13.5
1984-11-01,0.0,3.9,37.0,14.0
1984-11-02,0.0,5.1,36.0,16.5
1984-11-03,0.0,3.2,35.5,18.5
1984-11-04,0.0,4.6,35.5,18.0
1984-11-05,0.0,4.2,36.5,16.5
1984-11-06,0.0,5.0,37.5,15.8
1984-11-07,0.0,2.8,37.0,14.5
1984-11-08,0.0,5.4,38.0,15.0
1984-11-09,0.0,5.1,37.5,14.0
1984-11-10,0.0,4.0,36.0,11.5
1984-11-11,0.0,2.5,34.0,12.0
1984-11-12,0.0,3.9,36.0,15.5
1984-11-13,0.0,3.2,34.5,14.5
1984-11-14,0.0,4.5,35.0,15.0
1984-11-15,0.0,3.8,35.5,13.5
1984-11-16,0.0,2.8,34.5,14.0
1984-11-17,0.0,3.0,31.0,14.4
1984-11-18,0.3,3.8,37.5,15.0
1984-11-19,0.0,4.6,32.0,10.0
1984-11-20,0.0,2.6,33.0,9.5
1984-11-21,0.0,3.1,34.0,9.0
1984-11-22,6.0,2.9,34.5,10.0
1984-11-23,26.0,0.1,22.0,13.0
1984-11-24,0.0,3.8,29.0,18.0
1984-11-25,0.0,2.3,29.0,9.5
1984-11-26,0.0,2.9,30.0,10.5
1984-11-27,0.0,1.5,31.5,9.5
1984-11-28,0.0,4.2,31.5,9.0
1984-11-29,0.0,2.4,30.5,9.5
1984-11-30,0.0,3.0,31.0,10.5
1984-12-01,0.0,2.6,31.0,10.0
1984-12-02,0.0,2.6,32.5,10.5
1984-12-03,0.0,1.7,27.5,11.5
1984-12-04,0.0,2.1,29.0,12.0
1984-12-05,0.0,2.2,31.0,14.0
1984-12-06,0.0,2.7,34.0,11.0
1984-12-07,0.4,3.1,36.0,11.5
1984-12-08,0.5,2.9,35.5,13.5
1984-12-09,0.0,2.7,34.0,14.0
1984-12-10,0.0,1.9,34.5,14.5
1984-12-11,0.0,2.4,31.0,15.5
1984-12-12,63.2,1.5,23.0,18.5
1984-12-13,1.6,1.5,26.5,10.5
1984-12-14,52.0,2.2,26.7,11.5
1984-12-15,8.6,1.4,24.0,16.5
1984-12-16,0.0,2.1,29.0,14.0
1984-12-17,0.0,1.5,32.0,13.0
1984-12-18,0.0,2.4,29.0,12.5
1984-12-19,0.0,1.5,32.5,14.5
1984-12-20,0.0,3.2,32.0,14.5
1984-12-21,0.0,0.7,31.0,15.5
1984-12-22,0.0,3.7,30.5,17.0
1984-12-23,0.0,2.4,30.0,14.5
1984-12-24,0.0,2.2,30.0,15.0
1984-12-25,0.0,1.5,31.0,15.0
1984-12-26,0.0,2.9,31.0,15.0
1984-12-27,0.0,2.2,31.5,15.5
1984-12-28,0.0,1.4,28.5,12.5
1984-12-29,2.2,0.2,25.9,18.0
1984-12-30,1.4,2.9,26.0,18.0
1984-12-31,0.0,2.1,30.5,12.5
1985-01-01,0.0,3.8,29.5,11.0
1985-01-02,0.0,1.8,29.0,11.3
1985-01-03,0.0,3.0,30.0,9.0
1985-01-04,0.0,2.8,30.5,6.0
1985-01-05,0.0,4.3,31.5,6.5
1985-01-06,0.0,2.9,32.0,4.0
1985-01-07,0.0,2.8,32.0,4.5
1985-01-08,0.0,1.4,30.0,5.5
1985-01-09,0.0,2.3,28.5,9.0
1985-01-10,0.0,2.7,29.5,10.0
1985-01-11,12.4,0.0,23.0,11.0
1985-01-12,16.5,0.2,22.0,16.0
1985-01-13,2.8,2.0,22.0,17.0
1985-01-14,28.2,0.8,22.0,15.0
1985-01-15,2.2,2.4,26.5,15.5
1985-01-16,0.0,2.0,25.5,15.5
1985-01-17,0.0,3.3,26.0,9.0
1985-01-18,0.0,1.5,27.0,9.5
1985-01-19,0.0,2.1,25.5,10.0
1985-01-20,0.0,1.8,27.0,11.5
1985-01-21,0.0,3.0,27.0,12.0
1985-01-22,0.0,1.3,29.0,11.0
1985-01-23,1.4,1.2,24.5,12.0
1985-01-24,0.0,0.9,26.0,16.0
1985-01-25,0.0,3.0,31.5,13.5
1985-01-26,0.0,3.5,30.5,15.0
1985-01-27,0.0,2.4,32.0,11.5
1985-01-28,0.0,1.9,31.0,9.5
1985-01-29,0.0,3.1,30.0,10.0
1985-01-30,0.0,0.8,28.5,9.5
1985-01-31,0.0,1.6,24.0,10.0
1985-02-01,0.0,1.4,25.0,10.0
1985-02-02,0.0,4.7,22.0,10.8
1985-02-03,0.0,2.6,26.5,10.9
1985-02-04,0.0,2.9,27.0,7.0
1985-02-05,0.0,3.0,26.5,7.0
1985-02-06,0.0,3.2,28.0,5.5
1985-02-07,0.0,3.3,28.5,6.0
1985-02-08,0.0,3.8,32.5,7.0
1985-02-09,0.0,3.4,32.0,8.5
1985-02-10,0.0,4.4,32.0,11.5
1985-02-11,0.0,3.7,35.0,9.0
1985-02-12,0.0,2.6,31.5,10.0
1985-02-13,0.0,1.9,31.0,10.5
1985-02-14,0.0,2.6,28.0,12.0
1985-02-15,0.0,1.2,30.0,13.0
1985-02-16,0.0,3.3,31.0,10.5
1985-02-17,0.0,3.4,32.5,11.0
1985-02-18,0.0,4.1,34.5,10.5
1985-02-19,0.0,4.1,34.2,12.5
1985-02-20,0.0,4.3,34.5,10.5
1985-02-21,0.8,1.5,29.0,11.5
1985-02-22,5.0,0.8,23.0,12.8
1985-02-23,0.0,3.2,29.5,9.0
1985-02-24,0.0,4.1,32.5,8.0
1985-02-25,0.0,2.0,29.0,11.0
1985-02-26,0.0,3.4,33.0,11.5
1985-02-27,0.0,3.0,32.0,12.0
1985-02-28,0.0,5.2,37.5,13.0
1985-03-01,0.0,4.9,36.0,12.4
1985-03-02,0.0,6.0,34.5,11.0
1985-03-03,0.0,3.8,32.0,11.5
1985-03-04,0.0,6.4,33.0,10.5
1985-03-05,0.0,6.4,34.0,10.4
1985-03-06,0.0,4.2,36.5,11.5
1985-03-07,0.0,4.7,36.0,12.5
1985-03-08,0.0,6.6,38.0,13.0
1985-03-09,0.0,4.2,37.5,12.0
1985-03-10,0.0,6.0,37.5,12.5
1985-03-11,0.0,6.6,38.0,13.0
1985-03-12,0.0,5.5,37.5,12.0
1985-03-13,0.0,5.0,35.5,12.0
1985-03-14,0.0,7.1,35.0,12.0
1985-03-15,0.0,4.2,32.0,13.0
1985-03-16,0.0,6.6,35.5,14.0
1985-03-17,0.0,5.4,35.0,12.5
1985-03-18,0.0,5.9,35.0,12.0
1985-03-19,0.0,5.2,33.5,13.0
1985-03-20,0.0,6.8,33.0,12.0
1985-03-21,0.0,5.8,32.5,9.0
1985-03-22,0.0,5.3,32.0,9.5
1985-03-23,0.0,6.7,34.5,8.0
1985-03-24,0.0,5.4,36.5,9.0
1985-03-25,0.0,6.4,37.0,11.0
1985-03-26,0.0,5.8,37.5,12.0
1985-03-27,0.0,6.3,39.0,13.0
1985-03-28,0.0,3.0,31.0,14.5
1985-03-29,0.0,2.8,29.5,18.5
1985-03-30,0.0,8.2,32.0,13.0
1985-03-31,0.0,6.8,34.0,9.5
1985-04-01,0.0,5.7,34.5,11.0
1985-04-02,0.0,7.1,38.0,11.0
1985-04-03,0.0,7.7,35.5,12.5
1985-04-04,0.0,3.5,31.0,12.0
1985-04-05,0.0,5.0,34.0,13.0
1985-04-06,0.0,4.9,34.0,14.5
1985-04-07,0.0,3.3,36.5,15.5
1985-04-08,0.0,6.4,36.0,17.0
1985-04-09,0.0,6.5,35.5,15.0
1985-04-10,0.0,6.7,35.5,14.5
1985-04-11,0.0,8.0,36.5,12.0
1985-04-12,0.0,7.0,37.0,13.0
1985-04-13,0.0,6.6,37.0,14.5
1985-04-14,0.0,7.5,37.5,13.0
1985-04-15,0.0,7.0,37.0,15.0
1985-04-16,0.0,6.5,36.5,16.0
1985-04-17,0.0,8.4,36.5,12.5
1985-04-18,0.0,6.7,33.5,13.0
1985-04-19,0.0,3.5,33.5,16.0
1985-04-20,0.0,6.0,36.0,16.5
1985-04-21,0.0,5.5,33.0,18.0
1985-04-22,0.0,7.2,35.0,15.0
1985-04-23,0.0,6.9,37.5,14.0
1985-04-24,0.0,4.1,35.0,15.5
1985-04-25,0.0,7.0,33.5,15.1
1985-04-26,0.0,3.3,33.6,18.5
1985-04-27,0.0,8.9,32.5,16.0
1985-04-28,0.0,6.2,34.0,13.0
1985-04-29,0.0,8.3,38.0,13.0
1985-04-30,0.0,8.1,37.0,14.0
1985-05-01,0.0,9.4,37.5,15.0
1985-05-02,0.0,7.2,38.0,15.5
1985-05-03,0.0,8.9,37.5,14.0
1985-05-04,0.0,8.4,37.0,12.5
1985-05-05,0.0,8.4,37.5,12.0
1985-05-06,0.0,8.3,38.0,13.0
1985-05-07,0.0,7.1,37.5,13.9
1985-05-08,0.0,8.9,38.2,17.5
1985-05-09,0.0,6.9,39.0,17.5
1985-05-10,0.0,8.0,36.5,18.5
1985-05-11,0.0,6.8,37.5,19.0
1985-05-12,0.0,9.5,38.7,18.5
1985-05-13,0.0,10.6,40.0,14.0
1985-05-14,0.0,8.0,36.5,14.5
1985-05-15,0.0,7.8,37.4,15.5
1985-05-16,0.0,8.0,39.5,17.0
1985-05-17,0.0,8.9,37.0,19.0
1985-05-18,0.0,7.2,36.5,19.0
1985-05-19,0.0,7.1,35.5,22.5
1985-05-20,0.0,8.0,36.0,23.5
1985-05-21,0.0,8.3,37.0,18.0
1985-05-22,0.0,7.9,38.0,17.5
1985-05-23,0.0,8.0,38.0,18.0
1985-05-24,0.0,8.2,38.5,19.5
1985-05-25,0.1,8.0,38.0,19.0
1985-05-26,0.0,9.1,38.0,18.5
1985-05-27,0.0,8.6,39.5,21.0
1985-05-28,0.0,8.7,39.0,21.5
1985-05-29,0.0,9.1,39.5,21.0
1985-05-30,0.0,7.2,39.0,21.0
1985-05-31,0.0,9.2,38.0,23.0
1985-06-01,0.0,7.7,38.0,23.0
1985-06-02,0.0,8.7,38.0,23.0
1985-06-03,0.0,7.8,37.0,24.5
1985-06-04,0.0,3.3,38.5,20.0
1985-06-05,0.0,9.1,38.5,18.0
1985-06-06,0.1,8.7,39.0,20.5
1985-06-07,0.0,10.3,40.0,22.0
1985-06-08,0.0,8.5,39.0,19.0
1985-06-09,0.0,8.4,38.5,23.0
1985-06-10,0.0,8.6,38.5,25.0
1985-06-11,0.0,7.6,39.0,24.0
1985-06-12,0.1,11.2,40.0,24.5
1985-06-13,0.0,8.3,39.5,23.0
1985-06-14,0.0,8.1,39.0,24.0
1985-06-15,0.0,9.6,39.0,22.9
1985-06-16,0.0,7.8,38.0,22.5
1985-06-17,0.0,5.5,37.0,23.5
1985-06-18,0.0,8.4,38.0,24.5
1985-06-19,16.8,4.8,37.1,23.4
1985-06-20,39.2,6.7,39.0,22.5
1985-06-21,0.0,5.7,35.0,23.0
1985-06-22,19.5,8.0,37.0,24.0
1985-06-23,9.2,4.0,35.5,23.5
1985-06-24,34.5,4.6,34.5,23.5
1985-06-25,5.8,3.5,34.5,24.0
1985-06-26,10.1,6.5,36.0,24.0
1985-06-27,26.4,6.1,37.5,24.5
1985-06-28,7.2,3.7,34.0,23.0
1985-06-29,27.0,4.4,33.5,22.8
1985-06-30,12.0,5.2,35.0,22.5
1985-07-01,0.0,7.4,37.5,25.0
1985-07-02,0.0,6.5,36.0,26.0
1985-07-03,2.2,5.2,35.5,25.5
1985-07-04,0.0,4.0,34.0,23.0
1985-07-05,0.0,7.1,37.0,21.0
1985-07-06,0.0,6.9,37.5,22.5
1985-07-07,0.0,4.2,37.0,23.0
1985-07-08,0.0,4.5,36.0,23.5
1985-07-09,0.7,5.6,38.0,23.0
1985-07-10,0.0,6.3,39.0,20.5
1985-07-11,0.0,4.8,38.5,21.0
1985-07-12,2.5,6.5,38.0,24.5
1985-07-13,0.0,6.3,37.0,24.0
1985-07-14,0.0,5.3,37.0,23.0
1985-07-15,0.7,4.7,34.0,24.0
1985-07-16,44.2,3.3,30.0,24.0
1985-07-17,0.0,3.6,35.0,22.5
1985-07-18,2.2,4.7,35.5,23.5
1985-07-19,0.0,3.0,36.0,23.5
1985-07-20,2.7,4.3,36.0,24.0
1985-07-21,0.0,3.5,34.0,23.5
1985-07-22,0.0,5.4,35.5,23.0
1985-07-23,17.0,2.5,34.5,22.5
1985-07-24,1.3,3.8,34.0,23.0
1985-07-25,19.0,4.0,34.0,24.0
1985-07-26,0.0,4.4,32.5,23.0
1985-07-27,0.0,5.0,35.0,22.5
1985-07-28,5.3,4.5,36.0,23.0
1985-07-29,2.2,6.0,37.0,25.0
1985-07-30,6.5,3.7,37.0,23.0
1985-07-31,5.2,1.4,30.5,23.5
1985-08-01,0.0,4.9,35.0,23.5
1985-08-02,50.2,4.8,35.0,24.5
1985-08-03,0.8,2.6,34.0,21.5
1985-08-04,18.1,6.4,34.0,22.5
1985-08-05,1.5,4.0,35.5,22.5
1985-08-06,72.8,6.6,34.0,23.0
1985-08-07,1.5,3.4,34.0,23.0
1985-08-08,34.5,9.1,35.0,23.5
1985-08-09,0.0,2.3,33.5,21.0
1985-08-10,0.0,6.1,34.5,22.5
1985-08-11,0.0,5.2,35.5,22.0
1985-08-12,0.0,4.6,35.5,23.5
1985-08-13,0.0,4.7,35.5,24.5
1985-08-14,1.6,5.0,36.0,24.0
1985-08-15,0.0,5.5,35.0,24.5
1985-08-16,0.0,5.2,36.0,23.0
1985-08-17,10.3,5.9,35.0,23.0
1985-08-18,0.0,4.7,35.0,23.5
1985-08-19,0.0,5.9,37.0,22.0
1985-08-20,9.5,5.8,37.0,23.0
1985-08-21,0.4,3.8,36.0,23.0
1985-08-22,0.0,6.1,37.5,24.0
1985-08-23,0.0,5.8,38.5,26.0
1985-08-24,34.0,7.2,39.0,27.5
1985-08-25,0.0,2.0,33.0,23.0
1985-08-26,0.0,4.3,34.5,24.0
1985-08-27,0.0,4.6,37.0,25.0
1985-08-28,0.0,5.4,37.0,26.0
1985-08-29,25.9,11.5,37.0,23.5
1985-08-30,0.0,1.6,32.0,22.0
1985-08-31,0.2,4.5,36.0,22.5
1985-09-01,0.0,4.1,36.0,25.0
1985-09-02,10.7,3.3,35.5,26.5
1985-09-03,2.3,4.5,35.0,22.0
1985-09-04,0.0,2.0,32.5,22.0
1985-09-05,0.0,4.6,36.5,22.0
1985-09-06,0.0,4.8,36.5,23.0
1985-09-07,2.5,5.2,37.0,23.5
1985-09-08,0.0,1.7,35.0,23.0
1985-09-09,0.5,5.2,35.5,22.5
1985-09-10,1.0,2.5,34.0,22.5
1985-09-11,16.0,5.7,36.0,23.0
1985-09-12,0.2,2.8,34.0,21.0
1985-09-13,0.0,5.4,36.5,22.0
1985-09-14,0.0,5.1,38.0,22.5
1985-09-15,0.0,4.9,38.0,22.9
1985-09-16,0.0,4.2,37.0,23.0
1985-09-17,3.8,0.2,30.0,24.0
1985-09-18,12.6,6.2,35.5,22.5
1985-09-19,6.0,3.8,35.5,22.0
1985-09-20,0.0,5.1,35.0,22.5
1985-09-21,0.0,0.8,30.0,23.0
1985-09-22,1.1,3.6,35.0,22.7
1985-09-23,24.3,2.7,35.5,22.5
1985-09-24,7.6,4.1,35.0,23.0
1985-09-25,1.5,3.9,34.5,22.0
1985-09-26,0.5,2.7,35.0,22.5
1985-09-27,0.0,4.1,35.0,22.0
1985-09-28,13.0,2.4,33.8,22.0
1985-09-29,0.0,5.4,34.5,23.0
1985-09-30,0.0,3.8,35.5,21.5
1985-10-01,0.0,4.7,36.5,20.5
1985-10-02,0.0,4.8,36.5,20.0
1985-10-03,0.0,6.2,37.0,20.5
1985-10-04,0.0,3.8,38.0,20.0
1985-10-05,0.0,4.6,40.0,20.0
1985-10-06,0.0,4.1,38.0,20.0
1985-10-07,69.5,7.8,35.0,23.0
1985-10-08,205.4,5.1,30.0,22.5
1985-10-09,2.3,2.4,32.0,22.0
1985-10-10,0.0,3.6,34.0,21.5
1985-10-11,0.0,3.7,36.0,23.0
1985-10-12,0.0,3.5,35.0,22.5
1985-10-13,0.0,3.8,34.5,20.5
1985-10-14,0.0,3.7,35.0,20.0
1985-10-15,0.0,3.6,35.0,21.0
1985-10-16,0.0,3.7,35.5,21.5
1985-10-17,0.0,4.2,36.0,22.5
1985-10-18,0.0,4.0,36.0,19.0
1985-10-19,0.0,2.7,35.0,19.5
1985-10-20,1.3,1.4,34.5,20.0
1985-10-21,0.0,3.4,34.5,20.0
1985-10-22,0.0,4.0,36.0,19.5
1985-10-23,0.0,1.5,34.0,18.5
1985-10-24,0.0,4.5,35.5,17.0
1985-10-25,0.0,2.8,37.0,18.0
1985-10-26,0.0,3.7,36.5,19.0
1985-10-27,0.0,4.4,35.5,20.0
1985-10-28,0.0,2.6,35.0,19.5
1985-10-29,0.0,3.3,35.0,20.5
1985-10-30,0.0,3.5,34.0,21.0
1985-10-31,0.0,2.1,34.0,20.5
1985-11-01,1.8,3.9,32.0,21.0
1985-11-02,0.0,3.6,32.0,14.5
1985-11-03,0.0,4.6,33.0,13.0
1985-11-04,0.0,4.0,35.0,11.5
1985-11-05,0.0,3.2,34.0,11.0
1985-11-06,0.0,2.1,33.5,12.0
1985-11-07,0.0,5.1,33.5,13.0
1985-11-08,0.0,2.5,33.5,13.0
1985-11-09,0.0,4.5,33.0,13.5
1985-11-10,0.0,2.7,33.5,13.5
1985-11-11,0.0,4.6,35.0,14.0
1985-11-12,0.0,4.2,37.0,14.5
1985-11-13,0.0,2.4,36.0,14.5
1985-11-14,0.0,4.3,33.0,15.0
1985-11-15,0.0,2.4,32.0,15.0
1985-11-16,0.0,2.6,34.0,15.5
1985-11-17,0.0,3.1,34.5,17.0
1985-11-18,0.0,3.2,35.5,17.0
1985-11-19,0.0,3.2,35.0,14.0
1985-11-20,0.0,3.3,35.5,14.0
1985-11-21,0.0,3.1,33.0,13.7
1985-11-22,0.0,3.0,30.5,15.0
1985-11-23,0.0,3.1,35.0,16.0
1985-11-24,0.0,3.5,33.5,17.0
1985-11-25,0.0,1.7,34.5,17.0
1985-11-26,0.0,4.3,33.0,16.5
1985-11-27,0.0,2.6,33.0,14.5
1985-11-28,0.0,3.6,31.0,11.0
1985-11-29,0.0,1.9,30.5,12.0
1985-11-30,0.0,3.7,30.5,12.5
1985-12-01,0.0,1.8,32.0,11.5
1985-12-02,0.0,4.0,32.5,11.0
1985-12-03,0.0,2.8,33.0,11.3
1985-12-04,0.0,3.1,32.5,9.5
1985-12-05,0.0,2.8,34.0,8.0
1985-12-06,0.0,3.2,35.0,8.5
1985-12-07,0.0,0.6,27.5,12.0
1985-12-08,0.0,3.3,34.0,15.0
1985-12-09,0.3,2.9,33.5,13.0
1985-12-10,0.0,0.1,27.0,13.0
1985-12-11,0.0,1.2,28.0,14.0
1985-12-12,0.0,1.6,29.8,12.5
1985-12-13,0.0,2.5,29.5,9.0
1985-12-14,0.0,2.8,32.0,6.5
1985-12-15,0.0,3.2,34.5,5.5
1985-12-16,0.0,2.9,34.0,5.5
1985-12-17,0.0,0.5,26.0,6.0
1985-12-18,0.0,4.0,33.0,10.0
1985-12-19,0.0,3.1,30.0,12.0
1985-12-20,0.0,1.1,32.5,13.5
1985-12-21,0.7,2.4,36.0,16.0
1985-12-22,0.0,1.6,30.0,13.5
1985-12-23,0.0,1.9,33.0,12.0
1985-12-24,0.0,2.9,31.0,12.0
1985-12-25,0.0,2.9,31.5,12.0
1985-12-26,0.0,3.1,32.5,12.5
1985-12-27,0.0,3.4,34.0,11.5
1985-12-28,0.0,2.9,34.0,10.5
1985-12-29,0.0,3.5,35.0,10.5
1985-12-30,0.0,3.2,34.0,10.5
1985-12-31,0.0,2.0,33.5,10.0
1986-01-01,0.0,2.6,32.0,11.0
1986-01-02,0.0,3.0,32.5,11.0
1986-01-03,0.0,3.3,33.0,11.0
1986-01-04,0.0,3.8,31.5,11.5
1986-01-05,0.0,1.9,32.5,10.0
1986-01-06,0.0,3.8,31.5,10.5
1986-01-07,0.0,3.4,31.0,10.0
1986-01-08,0.0,3.5,30.5,9.0
1986-01-09,0.0,3.2,31.0,6.5
1986-01-10,0.0,2.9,30.0,6.5
1986-01-11,0.1,3.6,31.5,11.0
1986-01-12,0.0,3.2,34.0,10.0
1986-01-13,0.0,2.3,33.0,9.5
1986-01-14,0.0,1.0,27.0,10.5
1986-01-15,5.2,0.1,28.0,10.0
1986-01-16,0.0,3.3,31.0,10.0
1986-01-17,0.0,4.1,34.0,9.0
1986-01-18,0.0,2.8,35.5,7.5
1986-01-19,0.0,4.2,35.5,7.5
1986-01-20,0.0,2.5,34.0,9.5
1986-01-21,0.0,3.3,33.0,10.0
1986-01-22,0.0,3.5,34.0,11.0
1986-01-23,0.1,2.9,34.5,10.0
1986-01-24,0.0,5.2,36.0,10.0
1986-01-25,0.0,4.2,35.0,10.5
1986-01-26,0.0,3.4,36.5,9.5
1986-01-27,0.0,3.2,33.5,9.5
1986-01-28,0.0,4.4,32.5,10.0
1986-01-29,0.0,3.8,33.5,12.0
1986-01-30,0.0,3.8,33.0,12.0
1986-01-31,0.0,2.8,32.5,12.5
1986-02-01,0.6,2.5,31.5,15.0
1986-02-02,5.6,0.3,24.5,16.0
1986-02-03,32.2,0.1,27.5,13.0
1986-02-04,0.0,3.3,27.0,10.5
1986-02-05,0.0,3.0,28.0,11.0
1986-02-06,0.0,2.7,29.5,9.0
1986-02-07,0.0,4.3,29.5,9.6
1986-02-08,0.0,1.2,25.5,9.5
1986-02-09,0.0,3.0,28.0,13.0
1986-02-10,0.0,3.7,29.0,13.5
1986-02-11,0.0,4.4,30.5,10.0
1986-02-12,0.0,4.0,31.5,8.0
1986-02-13,0.0,3.5,33.0,8.0
1986-02-14,0.0,5.3,36.0,8.4
1986-02-15,0.0,6.2,36.0,8.0
1986-02-16,0.0,5.8,36.5,9.0
1986-02-17,0.0,3.1,36.0,9.5
1986-02-18,0.0,4.9,36.0,10.0
1986-02-19,0.0,4.2,33.5,11.5
1986-02-20,0.0,4.7,35.0,13.0
1986-02-21,0.0,4.6,33.0,13.5
1986-02-22,0.0,3.8,32.5,14.0
1986-02-23,0.0,5.9,33.0,12.5
1986-02-24,0.0,5.1,35.0,13.0
1986-02-25,0.0,5.0,39.5,12.5
1986-02-26,0.0,6.5,36.0,10.5
1986-02-27,0.0,3.5,33.5,11.5
1986-02-28,0.0,5.4,34.5,12.5
1986-03-01,0.0,4.7,35.0,13.5
1986-03-02,0.0,5.7,35.0,14.0
1986-03-03,0.0,6.5,36.0,12.0
1986-03-04,0.0,6.2,36.0,9.5
1986-03-05,0.0,6.9,33.5,9.5
1986-03-06,0.0,6.0,35.0,8.5
1986-03-07,0.0,5.6,33.0,9.5
1986-03-08,0.0,4.5,33.0,10.0
1986-03-09,0.0,6.6,33.5,10.0
1986-03-10,0.0,5.9,34.0,11.0
1986-03-11,0.0,5.9,32.5,12.0
1986-03-12,0.0,6.1,31.5,9.5
1986-03-13,0.0,6.2,30.5,8.0
1986-03-14,0.0,6.1,32.0,5.5
1986-03-15,0.0,5.2,34.0,7.0
1986-03-16,0.0,7.3,34.5,7.0
1986-03-17,0.0,4.9,32.5,8.0
1986-03-18,0.0,7.5,33.9,8.0
1986-03-19,0.0,7.0,30.0,5.0
1986-03-20,0.0,9.3,37.0,5.5
1986-03-21,0.0,5.7,38.5,6.0
1986-03-22,0.0,9.5,38.5,7.8
1986-03-23,0.0,7.8,39.5,9.5
1986-03-24,0.0,7.9,39.0,10.5
1986-03-25,0.0,6.3,37.0,11.0
1986-03-26,0.0,5.2,36.0,12.0
1986-03-27,0.0,6.9,37.5,12.0
1986-03-28,0.0,9.1,39.0,13.0
1986-03-29,0.0,10.0,39.5,14.0
1986-03-30,0.0,5.3,38.5,14.0
1986-03-31,0.0,9.2,37.5,14.5
1986-04-01,0.0,5.8,38.0,17.5
1986-04-02,0.0,8.2,38.0,12.0
1986-04-03,0.0,6.4,35.0,10.0
1986-04-04,0.0,7.8,36.0,11.0
1986-04-05,0.0,6.2,35.5,12.0
1986-04-06,0.0,7.8,36.5,12.5
1986-04-07,0.0,5.6,36.5,14.0
1986-04-08,0.0,6.9,37.0,16.5
1986-04-09,0.0,8.7,35.5,18.0
1986-04-10,0.0,6.2,38.0,15.0
1986-04-11,0.0,7.0,36.0,17.0
1986-04-12,0.0,6.1,36.0,17.5
1986-04-13,0.0,7.0,36.5,18.0
1986-04-14,0.0,9.0,39.5,18.5
1986-04-15,0.0,7.7,40.5,16.5
1986-04-16,0.0,9.4,40.0,17.5
1986-04-17,0.0,4.1,36.5,21.0
1986-04-18,0.0,6.5,37.0,18.5
1986-04-19,0.0,9.1,41.5,16.8
1986-04-20,0.0,10.4,41.0,14.5
1986-04-21,0.0,9.2,39.0,13.0
1986-04-22,0.0,5.7,35.5,15.0
1986-04-23,0.0,8.2,37.5,17.0
1986-04-24,0.0,9.1,39.0,16.0
1986-04-25,0.0,4.7,35.0,18.5
1986-04-26,0.0,3.0,31.0,20.0
1986-04-27,0.0,3.8,34.1,16.0
1986-04-28,0.0,5.8,39.0,18.0
1986-04-29,11.7,7.5,36.5,18.0
1986-04-30,0.0,6.4,35.5,17.5
1986-05-01,0.0,8.5,38.0,18.5
1986-05-02,0.0,7.9,38.0,19.0
1986-05-03,0.1,7.7,37.5,17.0
1986-05-04,0.0,7.3,37.0,18.0
1986-05-05,0.0,7.7,38.0,20.0
1986-05-06,0.0,8.4,37.5,18.0
1986-05-07,0.0,9.4,38.0,17.5
1986-05-08,0.0,8.1,39.0,16.5
1986-05-09,0.0,3.9,34.0,19.0
1986-05-10,0.0,8.6,40.5,18.0
1986-05-11,0.0,10.9,41.0,15.0
1986-05-12,0.0,9.4,41.0,16.5
1986-05-13,0.0,9.7,41.5,18.0
1986-05-14,0.0,9.0,40.0,18.5
1986-05-15,0.0,9.9,40.0,16.0
1986-05-16,0.0,7.1,37.0,17.5
1986-05-17,0.0,7.5,38.5,17.0
1986-05-18,0.0,7.1,37.5,14.5
1986-05-19,0.0,6.6,37.0,15.0
1986-05-20,0.0,6.8,38.0,17.5
1986-05-21,0.0,9.4,38.0,16.0
1986-05-22,0.0,8.6,36.5,18.0
1986-05-23,0.0,7.3,35.0,17.5
1986-05-24,0.0,8.8,37.0,17.5
1986-05-25,0.1,6.7,37.0,19.0
1986-05-26,0.0,8.4,36.0,19.5
1986-05-27,0.0,6.7,35.0,21.0
1986-05-28,0.1,5.2,32.0,22.0
1986-05-29,1.0,2.7,29.5,23.0
1986-05-30,0.0,5.8,34.0,23.0
1986-05-31,0.0,5.1,33.0,23.5
1986-06-01,0.0,7.2,34.0,23.0
1986-06-02,0.0,6.7,34.0,23.0
1986-06-03,0.0,4.8,33.5,21.5
1986-06-04,0.1,8.4,36.0,21.5
1986-06-05,0.0,5.0,33.0,23.0
1986-06-06,0.0,5.9,33.5,21.0
1986-06-07,0.0,6.7,35.0,19.0
1986-06-08,0.0,8.5,35.0,18.5
1986-06-09,0.0,5.8,35.0,24.0
1986-06-10,0.0,6.1,34.0,23.0
1986-06-11,0.0,6.7,36.0,23.0
1986-06-12,0.0,6.7,38.0,22.5
1986-06-13,0.0,8.4,38.5,23.0
1986-06-14,1.2,8.7,39.0,24.0
1986-06-15,0.0,9.5,38.5,24.5
1986-06-16,0.0,10.8,39.5,25.0
1986-06-17,0.0,4.7,37.4,23.0
1986-06-18,0.0,7.9,40.0,23.5
1986-06-19,0.0,10.3,40.5,24.5
1986-06-20,2.5,9.5,40.0,25.0
1986-06-21,0.0,4.4,38.0,25.5
1986-06-22,0.0,8.9,40.5,23.0
1986-06-23,0.0,10.0,40.0,22.0
1986-06-24,0.0,8.9,40.5,22.0
1986-06-25,0.0,9.4,40.0,23.0
1986-06-26,0.0,9.0,38.5,22.0
1986-06-27,0.0,7.5,40.0,24.0
1986-06-28,0.0,8.3,39.1,26.0
1986-06-29,2.0,2.8,37.0,28.0
1986-06-30,10.8,5.7,37.0,23.0
1986-07-01,0.0,7.3,39.0,25.0
1986-07-02,9.5,7.0,40.5,26.0
1986-07-03,41.0,6.4,37.5,26.0
1986-07-04,0.0,5.7,37.0,24.0
1986-07-05,36.8,7.5,38.0,24.0
1986-07-06,54.6,6.9,36.0,23.5
1986-07-07,0.1,4.7,35.0,23.5
1986-07-08,8.8,0.7,31.5,25.5
1986-07-09,24.2,5.4,36.0,23.5
1986-07-10,0.0,5.1,37.0,22.5
1986-07-11,33.2,7.2,36.0,23.0
1986-07-12,10.0,4.9,35.0,23.0
1986-07-13,11.0,6.2,36.5,24.0
1986-07-14,27.7,5.0,36.5,24.5
1986-07-15,3.6,2.6,34.0,23.0
1986-07-16,12.8,0.8,27.5,23.0
1986-07-17,0.7,1.7,33.0,22.5
1986-07-18,0.0,5.9,37.0,22.5
1986-07-19,10.2,6.4,37.5,23.0
1986-07-20,7.0,1.5,32.0,23.0
1986-07-21,0.0,5.0,35.5,22.0
1986-07-22,10.5,6.5,36.0,23.0
1986-07-23,0.0,4.5,37.0,25.0
1986-07-24,5.2,5.6,37.5,22.0
1986-07-25,0.2,3.6,37.5,24.5
1986-07-26,6.6,5.2,35.5,23.5
1986-07-27,28.2,3.8,33.5,23.0
1986-07-28,16.5,6.2,34.0,24.0
1986-07-29,0.0,3.4,35.5,24.5
1986-07-30,42.2,5.8,34.0,25.5
1986-07-31,26.0,2.2,34.5,23.0
1986-08-01,0.0,4.5,37.0,22.0
1986-08-02,0.4,5.6,38.5,24.0
1986-08-03,0.0,4.8,38.0,27.5
1986-08-04,3.4,4.4,37.0,24.0
1986-08-05,0.4,3.6,37.0,23.0
1986-08-06,3.0,4.1,36.0,25.0
1986-08-07,43.5,8.7,37.5,23.5
1986-08-08,0.1,2.8,36.5,23.0
1986-08-09,0.0,5.1,36.5,25.0
1986-08-10,1.6,5.0,37.5,25.0
1986-08-11,0.0,4.4,36.5,25.5
1986-08-12,0.2,4.8,37.0,24.5
1986-08-13,2.5,2.8,37.0,26.0
1986-08-14,0.0,4.2,33.0,24.5
1986-08-15,10.5,3.6,35.5,25.0
1986-08-16,0.0,3.4,33.0,21.5
1986-08-17,0.3,5.9,36.5,22.5
1986-08-18,18.8,12.0,36.0,22.5
1986-08-19,0.0,5.0,32.0,23.0
1986-08-20,0.0,4.8,37.5,23.0
1986-08-21,83.0,5.7,37.5,25.0
1986-08-22,52.0,3.0,30.0,23.0
1986-08-23,4.0,3.5,29.0,22.0
1986-08-24,0.0,3.3,35.0,23.0
1986-08-25,0.0,6.4,35.5,23.0
1986-08-26,0.0,3.6,34.0,23.5
1986-08-27,44.5,5.8,35.0,23.5
1986-08-28,0.0,3.4,33.0,23.0
1986-08-29,0.0,4.3,35.0,24.0
1986-08-30,0.0,4.1,35.0,23.0
1986-08-31,4.7,3.5,33.5,25.0
1986-09-01,6.0,3.6,33.5,24.5
1986-09-02,0.0,4.6,35.0,22.0
1986-09-03,0.0,3.4,35.0,24.0
1986-09-04,3.5,5.0,35.0,24.0
1986-09-05,6.0,4.2,36.5,25.0
1986-09-06,41.0,6.0,36.0,24.0
1986-09-07,0.0,2.3,33.0,24.0
1986-09-08,0.0,4.2,36.0,22.0
1986-09-09,0.0,4.2,36.0,22.5
1986-09-10,0.0,4.4,36.0,24.5
1986-09-11,4.0,4.8,37.0,24.5
1986-09-12,0.0,2.9,36.0,22.0
1986-09-13,0.0,4.4,35.9,22.8
1986-09-14,4.5,4.5,37.0,24.0
1986-09-15,0.0,2.9,36.0,22.0
1986-09-16,4.2,5.4,37.0,23.0
1986-09-17,0.2,5.0,37.0,24.0
1986-09-18,27.0,4.4,37.0,22.0
1986-09-19,0.0,2.3,34.0,20.0
1986-09-20,7.0,4.1,37.0,21.0
1986-09-21,0.0,3.3,36.0,23.0
1986-09-22,0.0,3.5,35.0,24.0
1986-09-23,0.0,6.4,36.0,23.0
1986-09-24,6.7,3.6,35.5,22.0
1986-09-25,4.0,4.2,36.0,22.0
1986-09-26,0.0,4.1,37.0,22.0
1986-09-27,0.0,4.0,37.0,22.0
1986-09-28,0.0,4.1,38.5,22.5
1986-09-29,0.0,4.1,38.0,23.0
1986-09-30,5.6,2.4,38.0,23.0
1986-10-01,45.3,3.9,32.0,23.0
1986-10-02,14.0,0.0,26.0,22.0
1986-10-03,0.0,4.6,33.0,21.0
1986-10-04,0.0,3.8,33.5,21.0
1986-10-05,0.0,3.2,32.0,21.5
1986-10-06,0.0,2.6,33.5,21.5
1986-10-07,0.0,3.8,34.0,22.0
1986-10-08,0.0,4.9,35.0,21.0
1986-10-09,0.0,4.5,36.0,21.0
1986-10-10,0.0,4.2,36.0,20.5
1986-10-11,44.0,10.7,31.0,21.0
1986-10-12,13.0,1.5,31.0,23.0
1986-10-13,0.0,3.7,35.0,21.0
1986-10-14,0.0,3.7,36.5,21.5
1986-10-15,0.0,4.0,36.0,20.5
1986-10-16,0.0,3.9,37.5,21.0
1986-10-17,0.0,8.2,37.0,21.0
1986-10-18,0.0,2.8,35.0,21.5
1986-10-19,22.5,4.0,33.5,21.5
1986-10-20,9.7,1.3,33.5,21.0
1986-10-21,29.0,2.4,32.0,20.5
1986-10-22,78.0,3.5,24.0,21.0
1986-10-23,0.0,2.2,30.5,21.0
1986-10-24,0.0,1.6,31.0,21.0
1986-10-25,0.0,4.6,31.0,20.0
1986-10-26,0.0,1.8,32.5,20.4
1986-10-27,0.0,4.6,33.5,19.0
1986-10-28,0.0,3.3,33.0,17.0
1986-10-29,0.0,2.9,34.0,15.0
1986-10-30,0.0,2.5,33.0,16.5
1986-10-31,0.0,3.3,32.0,15.0
1986-11-01,0.0,2.8,34.0,15.0
1986-11-02,0.0,3.6,36.0,15.5
1986-11-03,0.0,3.0,34.5,15.5
1986-11-04,0.0,2.7,31.5,18.0
1986-11-05,1.6,0.7,31.0,18.5
1986-11-06,0.0,3.4,31.0,19.5
1986-11-07,0.0,4.4,34.5,19.5
1986-11-08,0.0,4.7,34.0,18.0
1986-11-09,0.0,2.9,35.0,13.5
1986-11-10,0.0,3.0,35.0,13.0
1986-11-11,0.0,3.2,35.5,16.0
1986-11-12,0.0,1.8,33.0,15.5
1986-11-13,0.0,2.3,33.5,16.0
1986-11-14,0.0,1.9,32.0,16.0
1986-11-15,0.0,2.8,36.0,16.5
1986-11-16,0.0,3.1,36.5,17.0
1986-11-17,0.0,2.8,36.0,18.0
1986-11-18,0.0,3.5,38.0,17.5
1986-11-19,0.0,2.8,35.0,17.0
1986-11-20,0.0,3.2,35.0,17.0
1986-11-21,0.0,2.9,34.0,18.0
1986-11-22,0.0,3.3,34.5,17.0
1986-11-23,0.0,2.9,31.0,16.0
1986-11-24,0.0,2.5,29.0,13.0
1986-11-25,1.7,3.0,30.5,8.5
1986-11-26,0.0,3.8,32.0,8.5
1986-11-27,0.0,2.8,32.0,10.0
1986-11-28,0.0,3.5,33.0,8.0
1986-11-29,0.0,4.6,35.0,8.5
1986-11-30,0.0,2.6,35.0,7.0
1986-12-01,0.0,3.3,33.0,8.5
1986-12-02,0.0,2.1,31.5,11.0
1986-12-03,0.0,1.3,30.6,12.5
1986-12-04,0.0,3.3,33.5,12.0
1986-12-05,0.0,3.9,34.0,11.0
1986-12-06,0.0,1.4,30.0,11.5
1986-12-07,0.0,2.8,33.0,13.0
1986-12-08,0.0,2.7,30.0,13.5
1986-12-09,0.2,1.0,25.0,17.0
1986-12-10,0.0,3.1,28.0,14.5
1986-12-11,0.0,1.4,28.0,11.0
1986-12-12,0.5,2.2,30.0,10.0
1986-12-13,11.2,0.8,21.0,11.0
1986-12-14,6.2,0.4,25.5,18.0
1986-12-15,0.0,2.2,33.0,15.0
1986-12-16,0.0,1.5,30.0,15.5
1986-12-17,0.0,4.6,34.0,17.0
1986-12-18,0.0,3.1,33.0,16.0
1986-12-19,0.0,2.6,30.5,12.0
1986-12-20,0.0,0.4,23.0,12.5
1986-12-21,10.7,1.6,25.0,14.5
1986-12-22,0.0,1.2,25.0,8.5
1986-12-23,0.0,3.4,28.0,6.5
1986-12-24,0.0,1.7,27.0,6.5
1986-12-25,0.0,2.4,29.0,8.0
1986-12-26,0.0,2.9,29.5,9.0
1986-12-27,0.0,1.5,29.0,7.5
1986-12-28,0.0,3.3,29.0,7.0
1986-12-29,0.0,1.7,28.5,7.0
1986-12-30,0.0,4.0,29.0,9.0
1986-12-31,0.0,2.0,31.0,6.0
1987-01-01,0.0,3.3,30.0,6.0
1987-01-02,0.0,3.2,30.8,6.0
1987-01-03,0.0,3.2,33.0,8.0
1987-01-04,0.0,2.9,33.0,9.0
1987-01-05,0.0,2.5,30.5,9.5
1987-01-06,0.0,3.0,31.0,9.0
1987-01-07,0.0,2.1,30.0,10.0
1987-01-08,0.0,2.8,31.0,10.5
1987-01-09,0.0,2.5,29.0,9.0
1987-01-10,0.0,0.8,24.0,9.0
1987-01-11,3.5,0.3,21.5,10.5
1987-01-12,0.0,2.3,28.0,11.0
1987-01-13,0.0,2.8,28.0,9.0
1987-01-14,0.0,3.1,30.0,8.0
1987-01-15,0.0,2.3,28.0,8.0
1987-01-16,0.0,2.0,28.0,11.0
1987-01-17,0.0,3.2,23.0,12.0
1987-01-18,5.7,2.3,22.0,9.0
1987-01-19,0.0,1.7,26.0,4.0
1987-01-20,2.7,3.6,26.0,4.0
1987-01-21,0.0,2.4,23.0,7.0
1987-01-22,0.0,2.4,30.0,4.0
1987-01-23,0.0,3.8,29.0,4.5
1987-01-24,0.0,2.4,31.0,5.0
1987-01-25,0.1,3.4,31.1,8.0
1987-01-26,0.0,3.8,33.0,7.0
1987-01-27,0.0,4.2,37.5,7.0
1987-01-28,0.0,3.8,36.5,6.5
1987-01-29,0.0,3.2,35.0,7.5
1987-01-30,0.0,2.8,33.0,9.0
1987-01-31,0.0,4.0,34.0,11.5
1987-02-01,0.3,3.2,31.0,8.0
1987-02-02,0.0,3.4,32.0,9.0
1987-02-03,0.0,3.3,32.0,9.5
1987-02-04,0.4,4.4,30.0,11.5
1987-02-05,0.0,3.8,29.0,10.0
1987-02-06,0.0,3.9,32.5,8.0
1987-02-07,0.0,4.8,35.0,8.5
1987-02-08,0.0,4.4,35.0,7.0
1987-02-09,0.0,3.3,33.5,9.0
1987-02-10,0.0,3.5,33.1,10.0
1987-02-11,0.0,5.1,33.0,10.0
1987-02-12,0.0,2.8,34.0,10.5
1987-02-13,0.0,4.0,33.0,11.0
1987-02-14,0.0,4.1,33.0,11.0
1987-02-15,0.0,4.8,34.5,9.0
1987-02-16,0.0,3.8,32.0,9.0
1987-02-17,0.0,4.7,31.0,9.0
1987-02-18,0.0,3.9,31.0,7.0
1987-02-19,0.0,1.5,26.0,6.5
1987-02-20,0.0,3.9,30.1,7.0
1987-02-21,0.0,4.4,30.0,5.0
1987-02-22,0.0,1.8,27.0,6.0
1987-02-23,0.0,1.9,25.0,9.0
1987-02-24,1.0,0.3,25.0,10.5
1987-02-25,10.0,0.8,18.0,11.0
1987-02-26,2.5,0.1,23.0,15.0
1987-02-27,0.0,3.0,24.0,15.0
1987-02-28,0.0,1.2,28.0,9.5
1987-03-01,0.0,5.7,28.0,8.0
1987-03-02,0.0,4.0,30.5,9.0
1987-03-03,0.0,4.8,33.0,10.0
1987-03-04,0.2,5.7,37.5,10.0
1987-03-05,0.0,6.6,36.5,9.5
1987-03-06,0.0,5.5,36.0,9.9
1987-03-07,0.0,4.4,32.0,7.5
1987-03-08,0.0,4.8,31.5,8.0
1987-03-09,0.0,4.7,33.0,11.5
1987-03-10,0.0,4.6,33.0,11.5
1987-03-11,0.0,4.3,35.0,11.5
1987-03-12,0.0,5.7,35.5,11.0
1987-03-13,0.0,5.7,36.0,11.6
1987-03-14,0.0,4.8,35.0,10.0
1987-03-15,0.0,5.6,33.0,10.5
1987-03-16,0.0,4.9,30.0,11.0
1987-03-17,0.3,4.5,29.0,14.5
1987-03-18,0.0,3.9,31.0,8.0
1987-03-19,0.0,4.7,30.5,8.5
1987-03-20,0.0,5.3,34.0,11.5
1987-03-21,0.0,5.1,32.0,11.0
1987-03-22,0.0,5.7,34.0,12.0
1987-03-23,0.0,6.0,32.5,8.0
1987-03-24,0.0,4.4,31.0,8.5
1987-03-25,0.0,4.7,31.0,9.0
1987-03-26,0.0,4.9,30.0,7.0
1987-03-27,0.0,6.7,34.0,7.0
1987-03-28,0.0,7.3,34.0,7.0
1987-03-29,0.0,7.0,35.0,7.5
1987-03-30,0.0,7.7,34.7,7.0
1987-03-31,0.0,7.6,38.0,7.5
1987-04-01,0.0,7.0,37.0,8.5
1987-04-02,0.0,6.5,35.0,9.0
1987-04-03,0.0,6.6,35.0,9.5
1987-04-04,0.0,4.6,33.0,7.5
1987-04-05,0.0,6.2,32.0,8.0
1987-04-06,0.0,3.9,29.0,12.5
1987-04-07,0.0,5.2,33.5,11.0
1987-04-08,0.0,5.4,34.0,12.0
1987-04-09,0.0,4.9,33.0,13.0
1987-04-10,0.0,6.9,35.0,12.5
1987-04-11,0.0,7.7,35.0,11.0
1987-04-12,0.0,6.6,35.5,9.0
1987-04-13,0.0,7.1,37.0,8.0
1987-04-14,0.0,6.7,39.0,9.0
1987-04-15,0.0,7.2,39.0,14.0
1987-04-16,0.0,9.0,42.0,13.0
1987-04-17,0.0,8.0,40.0,10.0
1987-04-18,0.0,4.5,36.0,13.5
1987-04-19,0.0,6.8,35.0,14.0
1987-04-20,0.0,8.0,40.0,17.0
1987-04-21,0.0,8.7,41.0,19.0
1987-04-22,0.0,8.3,38.4,12.0
1987-04-23,0.0,8.7,37.0,12.0
1987-04-24,0.0,7.5,36.0,13.0
1987-04-25,0.0,7.8,37.0,15.0
1987-04-26,0.0,7.0,37.0,15.0
1987-04-27,0.0,8.0,37.0,13.0
1987-04-28,0.0,7.0,35.0,12.0
1987-04-29,0.0,6.6,35.0,13.0
1987-04-30,0.0,7.3,33.5,16.0
1987-05-01,0.0,7.0,35.0,13.0
1987-05-02,0.0,6.9,35.0,12.0
1987-05-03,0.0,6.9,35.0,12.0
1987-05-04,0.0,7.0,36.0,13.5
1987-05-05,0.0,9.1,37.0,14.0
1987-05-06,0.0,7.1,37.5,14.5
1987-05-07,0.0,7.6,37.0,16.5
1987-05-08,0.0,7.3,36.9,17.0
1987-05-09,0.0,7.1,35.5,17.5
1987-05-10,0.0,7.2,36.0,14.0
1987-05-11,0.0,7.6,37.5,12.5
1987-05-12,0.0,7.3,37.0,15.5
1987-05-13,0.0,7.7,38.0,16.5
1987-05-14,0.0,8.1,40.0,15.5
1987-05-15,0.0,7.1,42.5,15.0
1987-05-16,0.0,8.2,42.0,16.0
1987-05-17,3.4,5.7,39.0,18.0
1987-05-18,2.3,0.7,30.5,21.0
1987-05-19,1.2,7.9,36.5,16.5
1987-05-20,0.0,7.0,37.0,18.5
1987-05-21,0.0,8.0,38.0,16.0
1987-05-22,0.0,8.6,41.5,15.5
1987-05-23,0.0,9.3,40.0,16.5
1987-05-24,0.0,9.6,41.5,17.0
1987-05-25,0.0,8.3,40.0,16.0
1987-05-26,0.0,8.6,38.5,16.0
1987-05-27,0.0,5.6,38.0,16.0
1987-05-28,0.0,7.2,35.5,18.0
1987-05-29,0.0,7.5,37.0,18.0
1987-05-30,0.0,5.7,36.0,17.0
1987-05-31,0.0,6.6,36.0,18.5
1987-06-01,0.0,7.0,35.5,19.5
1987-06-02,0.0,7.8,36.5,21.0
1987-06-03,0.0,6.6,38.0,18.0
1987-06-04,0.0,8.0,40.0,19.0
1987-06-05,0.0,7.4,40.0,21.0
1987-06-06,0.0,8.9,41.5,20.0
1987-06-07,0.0,9.3,41.0,21.5
1987-06-08,0.0,10.3,41.0,24.0
1987-06-09,0.0,9.1,40.0,21.0
1987-06-10,0.0,9.0,40.0,22.5
1987-06-11,0.0,9.8,40.0,20.0
1987-06-12,0.0,9.7,42.5,20.0
1987-06-13,0.0,8.6,39.4,21.0
1987-06-14,0.0,8.0,42.0,25.0
1987-06-15,0.0,11.4,41.0,26.0
1987-06-16,0.0,10.6,40.0,23.5
1987-06-17,0.0,9.5,40.0,23.0
1987-06-18,0.0,9.3,40.0,23.5
1987-06-19,0.0,10.2,41.0,23.5
1987-06-20,0.0,8.0,40.0,22.5
1987-06-21,0.0,9.0,39.0,23.5
1987-06-22,0.0,9.2,41.0,24.0
1987-06-23,0.0,9.1,40.0,21.5
1987-06-24,0.0,8.9,39.0,23.0
1987-06-25,0.0,10.4,40.0,24.0
1987-06-26,0.0,8.4,41.0,23.0
1987-06-27,0.0,9.3,40.0,24.5
1987-06-28,0.0,9.8,41.0,24.0
1987-06-29,0.0,9.4,40.0,26.0
1987-06-30,0.0,9.8,40.0,26.0
1987-07-01,0.0,10.0,39.0,27.0
1987-07-02,0.0,10.4,40.0,26.5
1987-07-03,0.0,9.8,40.5,26.5
1987-07-04,0.1,6.2,38.0,28.0
1987-07-05,0.0,6.7,38.5,26.5
1987-07-06,0.0,4.8,37.0,27.5
1987-07-07,1.7,5.6,39.0,27.5
1987-07-08,0.2,7.4,39.0,24.5
1987-07-09,10.3,8.2,40.0,24.0
1987-07-10,0.0,6.6,40.5,25.0
1987-07-11,0.0,9.5,41.0,25.0
1987-07-12,0.0,8.8,41.0,26.0
1987-07-13,0.0,8.2,41.0,28.0
1987-07-14,9.5,8.4,40.0,27.5
1987-07-15,7.3,4.9,39.0,23.5
1987-07-16,0.2,6.6,38.0,25.0
1987-07-17,2.3,4.8,36.0,26.0
1987-07-18,0.0,6.9,40.0,23.0
1987-07-19,12.8,7.8,41.0,24.0
1987-07-20,0.0,8.1,41.0,25.0
1987-07-21,9.2,4.6,38.0,26.0
1987-07-22,0.0,8.0,40.5,23.5
1987-07-23,18.0,2.8,39.5,25.5
1987-07-24,0.0,5.8,39.0,23.5
1987-07-25,1.2,6.4,42.0,25.0
1987-07-26,0.0,4.1,36.0,24.5
1987-07-27,0.0,7.2,38.0,24.5
1987-07-28,0.1,4.1,33.5,26.0
1987-07-29,6.8,4.9,35.5,23.8
1987-07-30,20.0,5.9,39.0,24.0
1987-07-31,5.5,4.2,35.0,24.0
1987-08-01,7.6,4.9,37.0,24.0
1987-08-02,3.5,4.8,37.0,24.0
1987-08-03,0.0,4.2,36.0,24.5
1987-08-04,13.6,3.7,32.5,25.0
1987-08-05,12.6,4.2,38.0,25.5
1987-08-06,0.7,6.2,31.0,24.5
1987-08-07,8.3,3.5,36.0,24.0
1987-08-08,0.0,4.7,36.0,24.5
1987-08-09,0.0,2.8,34.0,25.0
1987-08-10,7.0,2.5,34.0,23.0
1987-08-11,12.3,2.2,33.0,24.0
1987-08-12,8.0,4.2,34.0,24.5
1987-08-13,20.0,4.9,32.5,24.5
1987-08-14,0.0,6.3,35.5,24.0
1987-08-15,0.3,2.5,36.0,24.5
1987-08-16,0.0,1.0,37.0,25.5
1987-08-17,6.5,8.7,37.0,24.5
1987-08-18,6.3,3.9,33.0,25.0
1987-08-19,0.0,4.9,37.0,23.0
1987-08-20,2.5,4.8,37.5,24.0
1987-08-21,0.0,4.7,37.0,22.0
1987-08-22,0.0,4.0,37.5,23.0
1987-08-23,0.0,3.5,34.0,24.5
1987-08-24,0.0,3.3,37.0,25.0
1987-08-25,0.0,7.0,36.8,22.0
1987-08-26,0.0,4.0,37.0,23.5
1987-08-27,34.0,9.0,39.0,25.0
1987-08-28,9.2,5.7,36.0,22.0
1987-08-29,0.0,4.5,36.0,22.5
1987-08-30,6.8,4.4,36.5,24.0
1987-08-31,0.0,3.6,35.5,23.0
1987-09-01,5.8,3.5,34.9,23.3
1987-09-02,5.8,5.3,36.0,24.0
1987-09-03,0.0,5.2,35.7,22.0
1987-09-04,5.3,4.5,38.0,23.5
1987-09-05,0.0,5.4,39.0,24.0
1987-09-06,0.0,5.1,39.5,22.0
1987-09-07,0.0,4.8,39.0,22.0
1987-09-08,0.0,4.4,40.0,26.0
1987-09-09,0.0,6.1,40.0,25.5
1987-09-10,0.0,6.8,40.0,24.5
1987-09-11,0.0,5.8,38.5,25.0
1987-09-12,3.6,5.0,38.0,26.0
1987-09-13,0.0,2.7,36.0,25.0
1987-09-14,1.0,4.7,38.0,25.0
1987-09-15,0.0,3.0,37.0,24.0
1987-09-16,0.7,0.6,36.0,24.0
1987-09-17,0.2,7.4,38.0,25.0
1987-09-18,3.6,5.6,37.5,25.0
1987-09-19,0.0,6.1,37.0,23.0
1987-09-20,0.0,3.9,36.5,22.0
1987-09-21,7.8,6.2,38.0,24.0
1987-09-22,3.5,5.1,38.5,23.0
1987-09-23,0.0,6.1,39.0,22.0
1987-09-24,0.0,2.3,35.0,23.0
1987-09-25,0.0,4.6,38.0,25.0
1987-09-26,8.7,2.9,35.0,25.0
1987-09-27,0.0,0.2,31.0,24.5
1987-09-28,0.0,1.8,32.0,24.5
1987-09-29,0.0,3.7,34.0,24.0
1987-09-30,1.2,3.9,37.0,24.5
1987-10-01,20.9,2.9,28.0,24.0
1987-10-02,5.5,1.8,35.0,23.0
1987-10-03,1.4,1.3,27.5,23.0
1987-10-04,0.8,5.5,38.5,21.5
1987-10-05,0.0,6.2,39.0,21.5
1987-10-06,0.0,5.3,40.0,21.5
1987-10-07,13.0,5.9,38.5,23.5
1987-10-08,20.0,4.9,37.0,21.5
1987-10-09,0.0,3.9,36.0,21.5
1987-10-10,0.0,5.6,38.0,24.0
1987-10-11,0.0,4.4,40.0,18.5
1987-10-12,0.0,5.6,40.0,19.0
1987-10-13,0.0,4.4,39.0,19.0
1987-10-14,0.0,4.8,38.5,20.0
1987-10-15,0.0,5.2,37.5,20.0
1987-10-16,0.0,5.8,39.0,18.0
1987-10-17,0.0,6.6,39.0,16.5
1987-10-18,0.0,5.2,38.0,16.5
1987-10-19,0.0,6.4,37.0,18.5
1987-10-20,0.0,5.6,38.0,19.5
1987-10-21,0.0,5.1,37.5,20.0
1987-10-22,0.0,5.2,38.5,19.0
1987-10-23,0.0,5.6,39.0,18.5
1987-10-24,0.0,4.2,38.5,18.5
1987-10-25,0.0,5.9,41.5,18.0
1987-10-26,0.0,3.3,39.5,18.5
1987-10-27,0.5,4.9,38.5,19.0
1987-10-28,0.0,4.8,37.5,24.0
1987-10-29,0.0,4.1,37.0,25.0
1987-10-30,0.0,4.4,37.0,22.5
1987-10-31,0.0,5.3,38.5,23.0
1987-11-01,0.0,5.0,37.0,19.0
1987-11-02,0.0,5.2,38.0,20.0
1987-11-03,0.0,4.9,37.5,20.0
1987-11-04,0.0,5.1,37.5,18.5
1987-11-05,0.0,3.1,35.0,19.0
1987-11-06,0.0,1.5,34.0,19.5
1987-11-07,0.0,6.0,37.5,19.0
1987-11-08,0.0,6.4,36.0,17.5
1987-11-09,0.0,5.8,35.0,11.0
1987-11-10,0.0,4.7,37.0,12.0
1987-11-11,0.0,4.2,38.0,13.0
1987-11-12,0.0,3.6,35.5,10.5
1987-11-13,0.0,5.0,36.0,10.5
1987-11-14,0.0,4.1,34.5,10.5
1987-11-15,0.8,4.1,32.0,11.0
1987-11-16,0.0,4.3,33.6,15.0
1987-11-17,0.0,3.2,34.5,11.0
1987-11-18,0.0,4.9,35.5,10.0
1987-11-19,0.0,5.4,37.0,10.0
1987-11-20,0.0,4.1,37.5,11.5
1987-11-21,0.0,4.6,37.0,13.0
1987-11-22,0.4,5.8,37.0,11.0
1987-11-23,0.0,4.6,37.0,12.2
1987-11-24,0.0,1.6,32.0,10.0
1987-11-25,0.0,4.6,34.0,14.0
1987-11-26,0.0,4.3,34.0,11.0
1987-11-27,0.0,3.3,35.0,9.0
1987-11-28,4.0,2.6,32.5,9.5
1987-11-29,0.6,1.2,25.5,12.5
1987-11-30,0.0,4.8,32.0,12.0
1987-12-01,0.0,3.8,33.0,11.0
1987-12-02,0.0,3.3,33.5,10.2
1987-12-03,0.0,3.3,35.0,9.5
1987-12-04,0.0,4.4,35.5,10.0
1987-12-05,0.0,3.5,32.5,10.0
1987-12-06,0.0,2.8,35.5,9.0
1987-12-07,0.0,3.7,34.0,9.0
1987-12-08,0.0,3.7,32.0,10.5
1987-12-09,0.0,2.5,33.0,12.0
1987-12-10,0.0,4.6,34.5,11.0
1987-12-11,0.0,2.9,34.5,11.0
1987-12-12,0.0,3.3,32.0,13.5
1987-12-13,6.4,1.5,28.5,13.0
1987-12-14,0.0,2.2,28.0,17.0
1987-12-15,0.0,1.9,28.0,10.0
1987-12-16,2.5,0.7,26.5,8.0
1987-12-17,1.6,1.7,26.5,9.0
1987-12-18,15.0,0.8,24.0,13.5
1987-12-19,0.0,1.1,31.0,18.5
1987-12-20,0.0,0.9,27.0,18.0
1987-12-21,1.5,4.8,35.0,18.0
1987-12-22,0.0,3.5,36.0,16.0
1987-12-23,0.6,1.4,30.5,16.5
1987-12-24,8.6,1.4,29.0,16.5
1987-12-25,7.8,0.4,28.5,18.5
1987-12-26,0.0,0.9,19.5,13.0
1987-12-27,0.0,1.4,22.0,12.5
1987-12-28,0.0,2.2,33.5,13.0
1987-12-29,2.4,0.3,22.5,13.5
1987-12-30,0.2,0.8,24.5,18.0
1987-12-31,0.0,1.7,32.0,13.5
1988-01-01,0.0,3.7,32.0,13.5
1988-01-02,0.0,3.2,32.0,14.0
1988-01-03,0.0,2.9,33.0,12.0
1988-01-04,0.0,2.1,34.5,12.5
1988-01-05,0.2,4.4,36.0,10.0
1988-01-06,0.0,3.2,33.5,10.5
1988-01-07,0.0,3.3,34.0,11.0
1988-01-08,0.0,2.0,29.0,11.0
1988-01-09,0.0,2.4,33.0,10.5
1988-01-10,0.0,4.4,33.0,10.0
1988-01-11,0.0,3.0,34.0,9.0
1988-01-12,0.0,3.3,33.0,9.5
1988-01-13,0.0,2.6,34.0,11.5
1988-01-14,0.1,3.9,33.0,12.0
1988-01-15,0.0,2.9,31.5,14.0
1988-01-16,0.0,2.5,31.0,9.5
1988-01-17,0.0,4.5,30.0,6.5
1988-01-18,0.0,2.6,28.5,6.0
1988-01-19,0.0,3.6,27.0,6.5
1988-01-20,0.0,3.5,24.0,5.5
1988-01-21,0.0,3.5,30.0,0.5
1988-01-22,0.0,3.6,28.0,4.5
1988-01-23,0.0,3.7,26.5,5.0
1988-01-24,0.0,2.6,30.0,4.0
1988-01-25,0.0,5.2,34.5,6.5
1988-01-26,0.0,4.2,35.0,7.5
1988-01-27,0.0,4.8,37.5,8.5
1988-01-28,0.0,6.0,35.2,9.0
1988-01-29,1.7,4.7,35.0,8.0
1988-01-30,0.0,3.2,33.5,8.5
1988-01-31,0.0,3.0,31.0,10.0
1988-02-01,0.0,4.8,34.5,9.5
1988-02-02,0.0,5.0,35.0,10.0
1988-02-03,0.0,3.3,36.0,10.0
1988-02-04,0.0,3.8,32.0,11.0
1988-02-05,0.0,3.9,32.5,11.5
1988-02-06,0.0,3.5,33.0,11.0
1988-02-07,0.0,4.3,32.7,11.0
1988-02-08,0.0,4.1,35.0,9.5
1988-02-09,0.0,5.0,34.0,10.0
1988-02-10,0.0,3.3,33.0,10.0
1988-02-11,0.0,4.3,33.5,10.0
1988-02-12,0.0,3.3,34.0,10.4
1988-02-13,0.0,4.9,35.0,10.5
1988-02-14,0.0,5.6,33.0,10.5
1988-02-15,0.0,4.2,35.0,11.0
1988-02-16,0.0,1.1,34.0,11.5
1988-02-17,0.0,2.5,31.0,12.5
1988-02-18,0.0,3.6,31.5,11.5
1988-02-19,0.0,4.7,30.0,9.5
1988-02-20,0.0,3.8,30.0,7.5
1988-02-21,0.0,7.3,37.0,6.5
1988-02-22,0.0,4.8,32.0,7.5
1988-02-23,0.0,5.1,35.0,9.0
1988-02-24,0.0,3.9,35.0,11.5
1988-02-25,0.0,5.0,37.0,13.5
1988-02-26,0.0,6.0,36.0,14.0
1988-02-27,0.0,5.2,38.5,13.5
1988-02-28,0.0,5.4,40.0,14.0
1988-02-29,0.0,5.0,36.5,16.0
1988-03-01,0.5,4.5,33.0,18.0
1988-03-02,0.0,4.1,31.0,16.0
1988-03-03,0.0,4.2,29.0,10.5
1988-03-04,0.0,4.2,29.0,11.0
1988-03-05,0.0,4.9,31.0,10.0
1988-03-06,0.0,6.2,33.0,10.0
1988-03-07,0.0,3.6,26.5,11.5
1988-03-08,0.0,4.3,32.0,14.5
1988-03-09,0.0,5.7,32.5,10.5
1988-03-10,0.0,6.1,33.0,11.0
1988-03-11,0.0,4.8,31.5,10.0
1988-03-12,0.0,5.7,33.0,10.5
1988-03-13,0.0,5.0,31.5,10.0
1988-03-14,0.0,6.1,33.5,11.0
1988-03-15,0.0,4.5,31.5,9.5
1988-03-16,0.0,6.4,32.0,9.0
1988-03-17,0.0,5.7,33.0,10.0
1988-03-18,0.0,6.9,35.5,10.1
1988-03-19,0.0,6.4,37.0,8.5
1988-03-20,0.0,8.6,38.5,8.5
1988-03-21,0.0,6.5,37.0,8.5
1988-03-22,0.0,8.4,37.0,8.0
1988-03-23,0.0,8.5,38.0,7.5
1988-03-24,0.0,6.5,38.5,9.0
1988-03-25,0.0,7.4,38.0,10.0
1988-03-26,0.0,6.2,37.4,12.0
1988-03-27,0.0,6.2,38.0,16.5
1988-03-28,0.0,7.8,38.0,13.0
1988-03-29,0.0,5.2,32.0,13.0
1988-03-30,0.0,8.8,38.0,12.5
1988-03-31,0.0,8.1,37.0,10.5
1988-04-01,0.0,6.3,37.0,9.0
1988-04-02,0.0,6.1,36.0,9.0
1988-04-03,0.0,7.4,35.5,10.0
1988-04-04,0.0,4.8,32.0,11.0
1988-04-05,0.0,8.4,37.5,16.5
1988-04-06,0.0,8.2,38.0,14.5
1988-04-07,0.0,5.2,36.0,15.0
1988-04-08,0.0,8.5,37.0,13.5
1988-04-09,0.0,8.1,36.5,13.5
1988-04-10,0.0,6.0,34.5,14.1
1988-04-11,0.0,5.5,35.0,15.5
1988-04-12,0.0,7.8,34.0,16.0
1988-04-13,0.0,4.0,35.0,16.0
1988-04-14,0.0,5.2,33.5,17.5
1988-04-15,0.0,6.4,34.9,16.0
1988-04-16,0.0,6.1,32.5,14.0
1988-04-17,0.0,7.9,32.0,14.0
1988-04-18,0.0,7.8,34.5,11.5
1988-04-19,0.0,8.1,36.5,12.0
1988-04-20,0.0,5.8,34.0,11.5
1988-04-21,0.0,4.1,30.0,13.5
1988-04-22,0.0,2.2,28.5,15.0
1988-04-23,0.0,7.7,37.5,15.0
1988-04-24,0.0,10.1,39.0,13.5
1988-04-25,0.1,6.1,37.0,14.7
1988-04-26,0.0,7.0,36.5,13.5
1988-04-27,0.0,6.8,37.0,13.0
1988-04-28,0.0,5.0,33.5,13.5
1988-04-29,0.0,10.2,38.5,13.0
1988-04-30,0.0,8.3,40.0,12.0
1988-05-01,0.0,9.8,37.5,13.3
1988-05-02,0.0,8.9,38.0,12.0
1988-05-03,0.0,7.4,38.0,14.0
1988-05-04,0.0,8.3,35.5,14.5
1988-05-05,0.0,7.6,37.0,16.0
1988-05-06,0.0,8.9,40.0,16.5
1988-05-07,0.0,8.4,41.0,16.5
1988-05-08,0.0,9.0,42.0,18.0
1988-05-09,0.0,8.7,43.0,19.5
1988-05-10,0.0,8.4,39.5,16.5
1988-05-11,0.0,7.4,37.5,15.0
1988-05-12,0.0,7.7,39.0,16.0
1988-05-13,0.0,7.1,37.5,18.5
1988-05-14,0.0,8.6,36.0,18.0
1988-05-15,0.0,7.7,36.0,16.5
1988-05-16,0.0,8.2,37.5,16.0
1988-05-17,0.0,7.7,37.0,18.0
1988-05-18,0.0,7.2,34.0,17.0
1988-05-19,0.1,7.0,32.5,21.0
1988-05-20,0.0,6.1,33.5,19.0
1988-05-21,0.0,8.3,37.5,15.0
1988-05-22,0.0,8.9,39.0,15.0
1988-05-23,0.0,9.1,39.0,18.0
1988-05-24,0.0,9.0,41.5,17.0
1988-05-25,0.0,8.1,38.0,19.5
1988-05-26,0.0,8.3,37.5,20.5
1988-05-27,0.0,10.4,39.5,18.0
1988-05-28,0.0,6.6,37.5,18.0
1988-05-29,0.0,8.7,36.0,19.0
1988-05-30,0.0,7.9,35.0,20.0
1988-05-31,0.0,7.2,35.0,19.5
1988-06-01,0.0,7.6,37.0,17.0
1988-06-02,0.0,5.9,36.5,16.5
1988-06-03,0.0,7.6,35.5,19.0
1988-06-04,0.0,6.9,36.5,21.0
1988-06-05,0.0,7.8,36.5,21.0
1988-06-06,0.0,7.1,35.0,20.0
1988-06-07,0.0,7.3,36.0,20.5
1988-06-08,0.0,8.7,36.5,20.5
1988-06-09,0.0,5.7,37.5,22.0
1988-06-10,0.0,8.8,40.0,22.0
1988-06-11,0.0,7.5,40.0,21.5
1988-06-12,0.0,9.6,39.5,23.0
1988-06-13,0.0,9.1,39.5,21.5
1988-06-14,0.0,8.3,40.0,22.5
1988-06-15,0.0,10.0,41.0,23.0
1988-06-16,0.0,9.9,41.5,23.0
1988-06-17,0.0,8.9,40.0,24.5
1988-06-18,2.3,7.9,38.0,25.0
1988-06-19,1.5,7.4,37.5,26.0
1988-06-20,0.0,6.3,39.5,25.0
1988-06-21,0.0,7.2,39.0,26.0
1988-06-22,0.0,10.2,40.0,25.0
1988-06-23,0.0,6.8,37.0,24.5
1988-06-24,0.0,7.2,38.0,26.0
1988-06-25,0.0,7.7,37.0,25.0
1988-06-26,0.0,7.2,36.5,25.0
1988-06-27,0.0,9.5,38.0,25.0
1988-06-28,3.8,7.9,37.5,26.0
1988-06-29,0.0,6.5,37.5,24.5
1988-06-30,0.0,8.6,37.0,24.5
1988-07-01,12.7,3.4,34.0,26.0
1988-07-02,18.0,2.8,34.5,24.5
1988-07-03,0.6,4.9,37.0,24.5
1988-07-04,0.7,5.0,35.0,24.5
1988-07-05,22.8,5.8,36.5,26.0
1988-07-06,0.2,3.1,34.0,25.0
1988-07-07,20.0,4.8,35.0,25.5
1988-07-08,17.7,2.5,38.0,25.0
1988-07-09,0.4,4.0,34.5,24.5
1988-07-10,0.0,7.7,36.5,25.0
1988-07-11,0.0,7.9,38.0,24.0
1988-07-12,0.0,9.5,39.5,25.0
1988-07-13,3.5,6.0,39.0,26.0
1988-07-14,0.0,6.8,38.5,24.4
1988-07-15,3.0,7.2,38.0,24.0
1988-07-16,17.7,6.2,38.5,25.5
1988-07-17,0.2,2.9,31.0,25.0
1988-07-18,0.8,3.9,34.0,25.5
1988-07-19,1.1,4.9,36.5,24.0
1988-07-20,4.0,6.7,37.0,24.0
1988-07-21,9.0,7.1,35.5,25.0
1988-07-22,0.5,6.1,35.7,23.0
1988-07-23,24.2,4.5,36.0,23.5
1988-07-24,9.5,6.1,36.5,22.0
1988-07-25,0.0,5.4,37.5,22.5
1988-07-26,17.7,8.6,37.5,23.0
1988-07-27,32.5,9.4,37.0,22.0
1988-07-28,16.6,3.3,35.0,21.5
1988-07-29,0.5,5.0,37.0,23.0
1988-07-30,9.0,3.8,36.5,23.0
1988-07-31,0.0,4.5,37.5,23.0
1988-08-01,0.0,4.9,37.0,23.0
1988-08-02,0.0,4.9,38.0,23.0
1988-08-03,0.0,5.0,38.5,22.0
1988-08-04,0.0,6.4,39.5,25.0
1988-08-05,13.3,6.7,39.0,25.0
1988-08-06,0.0,4.2,36.0,24.0
1988-08-07,0.0,3.8,37.0,23.5
1988-08-08,0.0,10.8,38.0,24.0
1988-08-09,0.5,7.2,39.0,25.0
1988-08-10,0.6,4.7,38.0,25.5
1988-08-11,1.5,4.8,37.0,24.0
1988-08-12,0.0,3.3,37.0,25.0
1988-08-13,5.2,6.8,37.0,25.0
1988-08-14,7.0,5.3,37.5,24.0
1988-08-15,0.0,4.5,37.5,23.5
1988-08-16,6.7,3.2,38.0,23.5
1988-08-17,8.9,6.3,36.0,24.5
1988-08-18,9.7,1.8,36.5,24.0
1988-08-19,11.6,4.1,32.0,25.0
1988-08-20,2.7,2.7,31.0,24.5
1988-08-21,40.4,3.7,32.0,24.0
1988-08-22,0.0,1.5,32.5,23.5
1988-08-23,3.8,3.9,34.2,24.0
1988-08-24,0.0,5.7,37.5,24.5
1988-08-25,0.0,5.6,37.5,24.0
1988-08-26,8.6,3.2,37.5,24.0
1988-08-27,0.0,5.4,36.9,22.5
1988-08-28,3.4,5.4,38.0,23.5
1988-08-29,0.0,4.4,38.0,26.0
1988-08-30,0.0,5.9,38.5,24.5
1988-08-31,18.0,5.1,32.5,24.5
1988-09-01,0.8,4.4,34.0,25.0
1988-09-02,22.5,3.4,35.0,25.0
1988-09-03,0.2,3.0,34.5,25.5
1988-09-04,0.0,4.7,36.5,26.0
1988-09-05,8.0,2.8,33.0,26.5
1988-09-06,30.1,1.7,35.0,24.5
1988-09-07,0.0,3.1,33.0,23.5
1988-09-08,0.0,3.7,35.0,24.0
1988-09-09,0.0,4.2,37.0,24.5
1988-09-10,0.0,5.2,36.0,24.5
1988-09-11,0.0,4.5,37.0,25.5
1988-09-12,0.0,4.9,37.5,26.0
1988-09-13,0.0,4.6,38.5,25.0
1988-09-14,0.0,5.8,38.0,26.0
1988-09-15,0.0,5.1,38.5,26.0
1988-09-16,0.0,4.5,38.0,25.5
1988-09-17,3.5,1.7,36.0,26.0
1988-09-18,0.0,4.2,36.0,24.5
1988-09-19,8.0,2.2,35.0,25.0
1988-09-20,3.8,4.0,36.0,24.0
1988-09-21,0.0,5.3,36.5,24.0
1988-09-22,2.2,4.0,36.0,22.0
1988-09-23,63.4,6.3,35.0,23.0
1988-09-24,0.0,3.1,34.0,22.0
1988-09-25,3.4,4.2,37.0,22.5
1988-09-26,0.0,3.3,38.0,24.0
1988-09-27,0.6,4.4,37.5,24.5
1988-09-28,29.0,4.5,35.5,24.0
1988-09-29,0.8,2.8,33.0,22.5
1988-09-30,0.0,3.8,35.0,22.0
1988-10-01,0.0,4.2,36.0,23.0
1988-10-02,0.0,4.3,37.5,24.0
1988-10-03,0.0,4.3,37.5,23.0
1988-10-04,0.0,4.7,37.5,23.0
1988-10-05,0.0,3.2,35.0,23.5
1988-10-06,0.0,5.4,38.0,22.0
1988-10-07,0.0,4.7,39.0,22.0
1988-10-08,0.0,4.5,40.0,22.0
1988-10-09,4.0,4.1,39.0,22.0
1988-10-10,0.0,3.9,35.0,22.0
1988-10-11,0.0,4.3,33.0,21.4
1988-10-12,0.0,4.2,36.5,21.5
1988-10-13,0.0,4.2,37.0,22.5
1988-10-14,0.0,3.5,38.0,22.5
1988-10-15,0.0,4.9,36.5,22.5
1988-10-16,0.0,3.1,37.0,22.5
1988-10-17,0.0,5.4,38.0,22.5
1988-10-18,0.0,4.3,37.5,22.0
1988-10-19,0.0,4.2,36.6,21.0
1988-10-20,0.0,4.2,37.0,20.0
1988-10-21,0.0,3.9,35.0,20.0
1988-10-22,0.0,4.5,35.0,22.5
1988-10-23,0.0,3.5,35.0,22.0
1988-10-24,0.0,4.1,36.0,21.0
1988-10-25,0.0,3.3,35.5,21.0
1988-10-26,0.0,5.3,35.5,20.0
1988-10-27,0.0,6.1,35.0,22.5
1988-10-28,0.0,2.2,36.0,20.0
1988-10-29,0.0,5.5,36.5,18.0
1988-10-30,0.0,3.3,37.5,17.0
1988-10-31,0.0,5.3,38.0,16.5
1988-11-01,0.0,2.8,38.0,16.0
1988-11-02,0.0,7.1,37.0,18.0
1988-11-03,0.0,2.8,36.0,18.0
1988-11-04,0.0,4.0,37.0,21.0
1988-11-05,0.0,2.7,35.5,19.0
1988-11-06,0.0,4.6,35.0,20.0
1988-11-07,0.0,2.5,35.5,21.0
1988-11-08,0.0,4.6,35.0,19.5
1988-11-09,0.0,3.7,37.5,17.0
1988-11-10,0.0,3.9,36.3,16.0
1988-11-11,0.0,4.5,36.5,15.0
1988-11-12,0.0,3.1,37.0,16.0
1988-11-13,0.0,4.2,37.0,15.0
1988-11-14,0.0,4.2,36.5,15.0
1988-11-15,0.0,3.7,36.5,15.0
1988-11-16,0.0,5.2,36.5,13.0
1988-11-17,0.0,2.8,34.0,11.0
1988-11-18,0.0,3.8,33.0,12.0
1988-11-19,0.0,4.1,33.0,13.0
1988-11-20,0.0,3.3,33.5,10.5
1988-11-21,0.0,4.7,33.5,10.0
1988-11-22,0.0,3.2,34.5,10.0
1988-11-23,0.0,1.5,37.0,10.5
1988-11-24,0.0,3.2,35.0,12.0
1988-11-25,0.0,3.6,32.0,13.0
1988-11-26,0.0,3.8,36.0,15.0
1988-11-27,0.0,3.6,33.0,12.7
1988-11-28,0.0,3.1,34.5,10.0
1988-11-29,0.0,3.7,35.0,11.0
1988-11-30,0.0,3.0,35.0,12.0
1988-12-01,0.0,3.5,36.0,12.0
1988-12-02,1.0,2.3,33.5,13.0
1988-12-03,0.0,4.6,37.5,14.0
1988-12-04,0.0,3.6,34.4,14.0
1988-12-05,0.0,3.5,35.0,11.0
1988-12-06,0.0,2.6,32.0,11.5
1988-12-07,0.0,2.6,30.0,11.0
1988-12-08,22.4,3.1,31.0,12.5
1988-12-09,36.0,1.9,24.0,14.5
1988-12-10,0.4,1.1,25.0,17.0
1988-12-11,0.0,1.9,29.0,16.5
1988-12-12,0.0,2.8,32.0,12.5
1988-12-13,0.0,2.7,32.0,13.5
1988-12-14,0.0,2.4,22.0,12.0
1988-12-15,0.0,2.7,34.0,10.5
1988-12-16,0.0,2.6,34.0,10.0
1988-12-17,0.0,2.3,34.5,10.5
1988-12-18,0.0,2.6,32.5,11.0
1988-12-19,0.0,2.3,29.0,12.0
1988-12-20,0.0,2.4,32.0,15.0
1988-12-21,0.0,2.6,32.5,13.0
1988-12-22,0.0,3.1,33.0,12.0
1988-12-23,0.0,3.0,33.5,12.0
1988-12-24,0.0,3.6,33.0,10.0
1988-12-25,0.0,2.8,33.0,9.0
1988-12-26,0.0,2.9,30.0,10.5
1988-12-27,0.0,1.5,29.0,13.5
1988-12-28,0.0,2.3,30.0,7.0
1988-12-29,1.4,2.1,26.0,7.5
1988-12-30,0.0,2.4,23.5,13.0
1988-12-31,0.0,2.0,26.0,10.0
1989-01-01,3.4,2.0,19.5,10.0
1989-01-02,0.0,2.0,29.5,13.0
1989-01-03,0.0,2.5,28.9,12.2
1989-01-04,0.0,2.3,32.0,14.0
1989-01-05,0.0,3.0,34.0,13.5
1989-01-06,0.0,2.5,31.0,13.2
1989-01-07,0.0,1.7,31.0,9.5
1989-01-08,0.0,3.6,31.0,9.0
1989-01-09,0.0,2.9,30.5,8.5
1989-01-10,0.0,3.0,32.5,8.0
1989-01-11,0.0,2.3,34.0,10.5
1989-01-12,0.0,4.0,32.0,10.0
1989-01-13,0.0,3.4,29.0,8.0
1989-01-14,0.0,3.0,32.0,4.0
1989-01-15,0.0,4.2,34.5,4.0
1989-01-16,0.0,2.0,32.5,7.8
1989-01-17,0.0,2.4,33.0,8.0
1989-01-18,0.0,3.3,33.0,10.0
1989-01-19,0.0,3.3,31.5,8.5
1989-01-20,0.0,3.8,31.6,6.5
1989-01-21,0.0,4.2,35.5,7.0
1989-01-22,0.0,2.3,30.0,10.0
1989-01-23,0.0,3.2,30.5,7.0
1989-01-24,0.0,3.8,31.0,5.0
1989-01-25,0.0,1.7,27.5,6.5
1989-01-26,0.0,3.8,34.0,8.0
1989-01-27,0.0,3.9,32.5,8.0
1989-01-28,0.0,2.9,30.0,4.0
1989-01-29,0.0,3.2,30.8,5.0
1989-01-30,0.0,3.2,31.0,9.5
1989-01-31,0.0,2.9,32.0,13.0
1989-02-01,5.0,2.9,22.5,15.0
1989-02-02,3.4,2.3,27.0,18.0
1989-02-03,0.0,3.2,32.5,12.5
1989-02-04,0.0,2.7,33.0,11.0
1989-02-05,0.0,4.1,33.0,9.5
1989-02-06,0.0,5.0,32.0,8.0
1989-02-07,0.0,3.0,33.5,8.0
1989-02-08,0.0,3.7,36.0,9.5
1989-02-09,0.0,5.7,37.5,10.5
1989-02-10,0.0,3.5,37.0,13.0
1989-02-11,0.0,6.5,37.0,12.5
1989-02-12,0.0,3.4,34.5,12.0
1989-02-13,0.0,3.5,30.0,11.3
1989-02-14,0.2,1.9,33.0,11.5
1989-02-15,0.0,4.5,33.5,15.0
1989-02-16,0.0,4.6,35.0,16.0
1989-02-17,0.0,4.1,34.0,10.0
1989-02-18,0.0,4.2,33.5,10.0
1989-02-19,0.0,3.3,34.0,9.5
1989-02-20,0.0,4.8,34.0,6.5
1989-02-21,0.0,5.1,35.0,6.0
1989-02-22,0.0,6.7,37.5,7.5
1989-02-23,0.0,5.4,37.5,8.5
1989-02-24,0.0,5.5,37.0,8.5
1989-02-25,0.0,4.1,37.5,10.0
1989-02-26,0.0,5.3,35.0,10.5
1989-02-27,0.0,4.7,34.0,10.0
1989-02-28,0.0,4.7,33.5,10.0
1989-03-01,0.0,3.5,34.5,12.0
1989-03-02,0.0,5.6,34.0,9.0
1989-03-03,0.0,5.0,34.5,6.5
1989-03-04,0.0,5.3,32.0,7.0
1989-03-05,0.0,4.3,32.0,8.3
1989-03-06,0.0,6.4,33.0,9.0
1989-03-07,0.0,4.9,33.0,9.0
1989-03-08,0.0,5.0,33.0,10.0
1989-03-09,0.0,5.3,35.0,11.0
1989-03-10,0.0,4.3,37.5,12.5
1989-03-11,0.0,5.5,38.0,12.0
1989-03-12,0.0,5.6,35.0,13.0
1989-03-13,0.0,5.8,36.0,16.0
1989-03-14,0.0,5.2,32.5,16.0
1989-03-15,0.0,5.6,33.6,12.0
1989-03-16,0.0,5.7,35.0,15.0
1989-03-17,0.0,5.5,33.0,16.0
1989-03-18,0.0,5.6,34.5,15.5
1989-03-19,0.0,5.9,35.0,16.0
1989-03-20,0.0,6.1,35.0,13.0
1989-03-21,0.0,5.6,35.5,9.0
1989-03-22,0.0,6.2,35.0,10.0
1989-03-23,0.0,5.0,34.5,12.0
1989-03-24,0.0,6.3,34.0,11.0
1989-03-25,0.0,6.0,34.0,10.5
1989-03-26,0.0,6.2,32.5,11.0
1989-03-27,0.0,6.2,28.5,12.0
1989-03-28,0.0,5.3,30.0,10.0
1989-03-29,0.0,6.7,35.5,9.5
1989-03-30,0.0,5.4,30.0,10.5
1989-03-31,0.0,7.9,36.0,11.0
1989-04-01,0.0,5.5,36.0,12.0
1989-04-02,0.0,6.5,38.0,11.0
1989-04-03,0.0,8.3,38.0,11.5
1989-04-04,0.0,6.9,37.1,11.5
1989-04-05,0.0,8.4,39.0,12.0
1989-04-06,0.0,6.4,39.5,12.5
1989-04-07,0.0,7.8,40.0,17.5
1989-04-08,0.0,6.9,39.0,18.0
1989-04-09,0.0,8.1,39.5,15.0
1989-04-10,0.0,7.0,38.0,14.0
1989-04-11,0.0,8.1,37.0,12.5
1989-04-12,0.0,7.4,36.5,14.5
1989-04-13,0.0,8.3,39.0,12.5
1989-04-14,0.0,8.8,39.5,12.0
1989-04-15,0.0,8.9,38.0,12.5
1989-04-16,0.0,8.0,37.8,10.5
1989-04-17,0.0,8.0,38.0,11.0
1989-04-18,0.0,8.8,38.0,12.0
1989-04-19,0.0,7.6,39.0,13.0
1989-04-20,0.0,8.9,41.0,16.5
1989-04-21,0.0,6.1,38.5,17.0
1989-04-22,0.0,6.9,38.0,18.0
1989-04-23,0.0,7.2,37.5,18.0
1989-04-24,0.0,5.0,38.5,20.0
1989-04-25,0.0,8.1,37.0,20.0
1989-04-26,0.0,8.5,39.0,15.5
1989-04-27,0.0,7.1,38.0,16.0
1989-04-28,0.0,8.2,38.0,14.0
1989-04-29,0.0,6.7,38.5,12.0
1989-04-30,0.0,10.1,40.0,11.0
1989-05-01,0.0,7.5,39.5,12.0
1989-05-02,0.0,8.6,37.0,12.0
1989-05-03,0.0,7.4,38.0,13.0
1989-05-04,0.0,8.4,38.5,14.0
1989-05-05,0.0,6.8,38.5,15.0
1989-05-06,0.0,7.7,40.0,18.0
1989-05-07,0.0,8.0,39.0,19.0
1989-05-08,0.0,8.6,41.0,19.5
1989-05-09,0.0,7.2,38.5,18.0
1989-05-10,0.0,8.0,37.0,19.0
1989-05-11,0.0,7.8,38.0,21.0
1989-05-12,0.0,9.4,38.0,18.7
1989-05-13,0.0,8.1,38.0,11.5
1989-05-14,0.0,9.0,38.0,11.0
1989-05-15,0.0,6.8,38.0,10.0
1989-05-16,0.0,9.6,36.0,12.0
1989-05-17,0.0,8.5,36.0,13.6
1989-05-18,0.0,9.1,40.0,13.5
1989-05-19,0.0,9.2,40.0,15.0
1989-05-20,0.0,8.6,40.0,17.0
1989-05-21,0.0,8.2,40.0,16.6
1989-05-22,0.0,8.6,41.0,17.5
1989-05-23,0.0,7.0,39.0,17.5
1989-05-24,0.0,7.2,37.0,19.5
1989-05-25,0.0,6.3,36.5,20.5
1989-05-26,0.0,6.5,36.5,23.0
1989-05-27,0.0,5.8,37.0,24.0
1989-05-28,0.0,7.8,38.5,21.0
1989-05-29,0.0,7.9,38.5,21.5
1989-05-30,0.0,7.0,37.0,21.0
1989-05-31,0.0,9.0,38.0,21.5
1989-06-01,0.0,7.6,39.0,20.0
1989-06-02,0.0,7.9,39.0,19.0
1989-06-03,0.0,9.8,38.5,18.0
1989-06-04,0.0,7.2,39.5,18.0
1989-06-05,0.0,9.1,38.5,17.0
1989-06-06,0.0,8.0,38.5,18.5
1989-06-07,0.0,7.6,38.0,19.0
1989-06-08,0.0,8.6,38.5,22.0
1989-06-09,0.0,7.9,39.5,20.0
1989-06-10,0.0,7.9,38.5,22.0
1989-06-11,0.0,7.5,38.0,21.0
1989-06-12,0.0,8.8,39.0,21.5
1989-06-13,0.0,7.5,38.0,21.5
1989-06-14,0.0,7.9,38.5,20.5
1989-06-15,0.0,7.8,37.5,21.5
1989-06-16,0.0,8.6,38.5,23.5
1989-06-17,0.0,7.9,39.0,24.0
1989-06-18,0.0,7.1,39.5,23.5
1989-06-19,0.0,7.9,39.5,24.5
1989-06-20,0.0,9.4,40.0,25.0
1989-06-21,0.0,8.2,40.0,25.0
1989-06-22,0.0,8.5,38.0,25.5
1989-06-23,0.0,3.0,35.0,25.5
1989-06-24,5.5,3.0,35.3,25.0
1989-06-25,0.0,4.4,36.5,25.0
1989-06-26,2.6,1.7,33.5,25.5
1989-06-27,0.0,4.6,35.0,25.0
1989-06-28,0.0,6.0,35.0,25.5
1989-06-29,0.0,4.7,36.5,24.5
1989-06-30,0.0,3.6,36.5,25.5
1989-07-01,0.0,5.5,37.0,25.5
1989-07-02,0.0,5.9,37.0,26.0
1989-07-03,0.0,4.7,37.0,26.0
1989-07-04,1.4,3.1,36.0,25.0
1989-07-05,1.7,5.3,37.5,23.5
1989-07-06,0.0,5.4,38.5,23.5
1989-07-07,3.1,5.4,38.0,24.5
1989-07-08,0.0,6.0,37.5,23.5
1989-07-09,19.0,6.3,39.0,24.0
1989-07-10,0.0,5.6,37.0,23.5
1989-07-11,0.0,6.2,38.5,24.5
1989-07-12,2.0,4.3,38.0,25.0
1989-07-13,35.0,6.5,37.0,23.5
1989-07-14,1.0,6.8,37.0,24.0
1989-07-15,0.0,6.1,39.0,23.0
1989-07-16,0.0,6.2,41.5,23.5
1989-07-17,0.0,6.1,40.0,24.5
1989-07-18,0.0,5.9,40.0,26.5
1989-07-19,0.0,5.7,38.0,25.5
1989-07-20,18.4,5.1,38.5,26.5
1989-07-21,0.0,3.5,36.0,25.0
1989-07-22,0.0,5.7,37.0,24.5
1989-07-23,0.0,5.8,37.5,24.5
1989-07-24,12.8,1.4,33.0,23.5
1989-07-25,0.0,6.8,37.0,22.0
1989-07-26,0.0,1.0,36.0,23.5
1989-07-27,0.0,5.5,39.0,23.5
1989-07-28,0.0,7.8,30.0,24.0
1989-07-29,0.0,6.4,39.0,24.0
1989-07-30,0.0,6.1,38.5,25.0
1989-07-31,5.5,5.4,39.0,26.0
1989-08-01,23.6,1.2,34.5,24.0
1989-08-02,0.0,3.7,35.0,24.0
1989-08-03,12.0,2.5,35.0,24.0
1989-08-04,0.0,6.3,35.6,24.0
1989-08-05,6.6,2.8,36.0,24.0
1989-08-06,0.0,5.8,35.0,23.5
1989-08-07,25.5,1.2,35.5,24.0
1989-08-08,8.0,6.1,35.0,22.5
1989-08-09,0.8,3.5,34.5,22.5
1989-08-10,0.0,4.5,34.0,24.5
1989-08-11,0.5,3.3,36.0,24.0
1989-08-12,4.4,5.4,38.0,22.5
1989-08-13,0.0,6.7,36.0,23.5
1989-08-14,44.5,0.1,34.0,25.5
1989-08-15,1.6,6.2,36.5,22.5
1989-08-16,3.0,2.6,34.0,23.0
1989-08-17,2.5,2.5,35.0,24.5
1989-08-18,0.0,4.5,32.5,25.0
1989-08-19,1.2,1.0,32.5,24.5
1989-08-20,1.7,3.9,36.0,24.5
1989-08-21,10.0,4.1,36.0,22.5
1989-08-22,41.0,4.3,32.0,24.0
1989-08-23,1.0,2.1,32.0,24.0
1989-08-24,12.3,5.0,35.0,24.0
1989-08-25,8.6,2.9,33.5,24.0
1989-08-26,0.0,2.9,31.5,23.5
1989-08-27,6.6,4.8,35.0,23.5
1989-08-28,0.0,4.6,36.5,24.0
1989-08-29,4.5,5.1,35.0,25.0
1989-08-30,0.0,4.5,36.0,24.5
1989-08-31,21.0,5.0,36.0,25.0
1989-11-01,3.9,4.6,36.0,15.5
1989-11-02,0.0,3.3,37.0,16.0
1989-11-03,0.0,3.9,35.0,17.0
1989-11-04,0.0,4.5,34.0,17.5
1989-11-05,0.0,2.6,34.0,17.5
1989-11-06,0.0,5.0,35.5,15.0
1989-11-07,0.0,5.3,34.5,14.0
1989-11-08,0.0,1.3,34.0,14.0
1989-11-09,0.0,3.0,35.5,14.0
1989-11-10,0.0,3.3,33.0,14.0
1989-11-11,0.0,2.8,33.0,15.0
1989-11-12,0.0,3.2,34.0,16.0
1989-11-13,0.0,3.5,36.5,15.0
1989-11-14,0.0,3.9,37.0,15.0
1989-11-15,0.0,3.3,37.0,14.5
1989-11-16,0.0,2.4,36.5,15.0
1989-11-17,1.1,1.2,31.0,15.5
1989-11-18,62.0,2.6,27.0,11.5
1989-11-19,11.4,2.7,21.5,12.0
1989-11-20,0.0,2.8,33.5,18.5
1989-11-21,0.0,1.8,33.5,18.5
1989-11-22,1.2,2.8,31.5,20.0
1989-11-23,0.0,4.5,32.0,17.0
1989-11-24,0.0,0.3,30.0,17.5
1989-11-25,0.0,3.0,31.0,17.5
1989-11-26,0.0,2.8,32.0,12.5
1989-11-27,0.0,1.6,32.0,13.0
1989-11-28,0.0,2.4,29.0,13.5
1989-11-29,0.0,2.1,25.0,15.0
1989-11-30,6.8,0.2,28.0,17.0
1989-12-01,1.1,2.8,30.5,18.0
1989-12-02,0.0,3.0,31.0,15.0
1989-12-03,0.0,2.7,31.0,15.0
1989-12-04,20.6,1.3,26.9,17.0
1989-12-05,0.0,2.7,31.0,16.5
1989-12-06,0.0,1.7,28.0,14.5
1989-12-07,0.0,2.1,28.0,15.0
1989-12-08,0.4,4.0,30.0,13.5
1989-12-09,0.0,0.5,32.0,10.0
1989-12-10,0.0,3.8,33.0,10.0
1989-12-11,0.0,2.1,31.0,11.5
1989-12-12,0.0,3.3,30.0,10.0
1989-12-13,0.0,1.6,30.0,10.0
1989-12-14,0.0,2.0,30.5,6.5
1989-12-15,0.0,0.6,29.0,7.0
1989-12-16,0.1,3.2,30.5,7.0
1989-12-17,1.2,0.3,27.0,7.5
1989-12-18,2.0,1.7,26.3,14.5
1989-12-19,0.0,3.3,32.0,14.0
1989-12-20,0.0,2.3,31.0,12.0
1989-12-21,0.0,2.7,30.0,12.0
1989-12-22,2.7,1.3,30.0,12.0
1989-12-23,0.0,2.9,30.0,12.5
1989-12-24,0.6,1.3,33.0,11.0
1989-12-25,0.0,3.2,32.0,11.0
1989-12-26,0.0,2.0,29.5,11.0
1989-12-27,0.0,2.0,31.0,12.0
1989-12-28,0.0,0.5,31.0,12.5
1989-12-29,0.0,3.2,28.0,14.0
1989-12-30,8.7,0.5,27.0,15.0
1989-12-31,0.0,2.5,25.5,16.5
